E522BRWFD5 N,https://www.fisherpaykel.com/on/demandware.static/-/Sites-fpa-master-catalog/en_CA/v1599705094608/product-mugs/refrigeration/freestanding/bottom-mount/mug/retail/
E522BRWFD5 N,https://www.fisherpaykel.com/on/demandware.static/-/Sites-fpa-master-catalog/default/dwb029e9f3/product-mugs/refrigeration/freestanding/bottom-mount/mug/retail/E522BRWFD5_External-Mug_84_RGB.png
E522BRWFD5 N,https://www.fisherpaykel.com/on/demandware.static/-/Sites-fpa-master-catalog/en_CA/v1599705094608/e522brwfd5_insitu_external-1600-gal.jpg
E522BRWFD5 N,https://www.fisherpaykel.com/on/demandware.static/-/Sites-fpa-master-catalog/default/dwa8df7bb1/technical-content/product/refrigeration/freestanding/bottom-mount/e522brwfd5-mug-ld.svg
E522BRWFD5 N,https://www.fisherpaykel.com/on/demandware.static/-/Sites-fpa-master-catalog/default/dwa96547b2/product-mugs/refrigeration/freestanding/bottom-mount/mug/listing/E522BRWFD5-external-mug-1600-lp.jpg
RB2470BRV1,https://www.fisherpaykel.com/on/demandware.static/-/Sites-fpa-master-catalog/default/dw56c0f9bc/product-mugs/refrigeration/integrated/bottom-mount/mug/retail/RB2470BRV1-custom-panel-internal-mug-rs-84.png
RB2470BRV1,https://www.fisherpaykel.com/on/demandware.static/-/Sites-fpa-master-catalog/default/dw39f38526/product-mugs/refrigeration/integrated/bottom-mount/mug/retail/RB2470BRV1-RD2470BR-internal-mug-rs-84.png
RB2470BRV1,https://www.fisherpaykel.com/on/demandware.static/-/Sites-fpa-master-catalog/default/dwe0f79ac2/product-mugs/refrigeration/integrated/bottom-mount/mug/retail/RB2470BRV1-custom-panel-external-mug-rs-84.png
RB2470BRV1,https://www.fisherpaykel.com/on/demandware.static/-/Sites-fpa-master-catalog/default/dwc62712d1/product-mugs/refrigeration/integrated/bottom-mount/mug/retail/RB2470BRV1-RD2470BR-external-mug-rs-84.png
RB2470BRV1,https://www.fisherpaykel.com/on/demandware.static/-/Sites-fpa-master-catalog/default/dwd6928b22/inspire/hahei_house_sw_119-rs-84.png
RB2470BRV1,https://www.fisherpaykel.com/on/demandware.static/-/Sites-fpa-master-catalog/default/dwbf290ce7/inspire/hahei-house-sw-026-rs-84.png
RB2470BRV1,https://www.fisherpaykel.com/on/demandware.static/-/Sites-fpa-master-catalog/default/dw0e4ce5bc/inspire/cheshire-architects-jeremy-hansens-home-sw-02-24-rs-84.jpg
RB2470BRV1,https://www.fisherpaykel.com/on/demandware.static/-/Sites-fpa-master-catalog/default/dw808378fe/inspire/cheshire-architects-jeremy-hansens-home-sw-68-rs-84.jpg
RB2470BRV1,https://www.fisherpaykel.com/on/demandware.static/-/Sites-fpa-master-catalog/default/dw17314996/inspire/caitlin-wilson-portland-dk-368-rs-84.jpg
RB2470BRV1,https://www.fisherpaykel.com/on/demandware.static/-/Sites-fpa-master-catalog/default/dwdb387c26/inspire/fp-us-styles-class-render-31-2400.jpg
RB2470BRV1,https://www.fisherpaykel.com/on/demandware.static/-/Sites-fpa-master-catalog/default/dw1a09d246/technical-content/product/refrigeration/integrated/bottom-mount/rb2470brv1-mug-id.svg
RB2470BRV1,https://www.fisherpaykel.com/on/demandware.static/-/Sites-fpa-master-catalog/default/dw030c9441/product-mugs/refrigeration/integrated/bottom-mount/mug/listing/RB2470BRV1-custom-panel-external-mug-1600-lp.jpg
RF135BDLJX4,https://www.fisherpaykel.com/on/demandware.static/-/Sites-fpa-master-catalog/default/dw191cea7c/product-mugs/refrigeration/freestanding/bottom-mount/mug/retail/RF135BDLJX4_4B_Internal-Mug_84_RGB.png
RF135BDLJX4,https://www.fisherpaykel.com/on/demandware.static/-/Sites-fpa-master-catalog/en_CA/v1599705094608/product-mugs/refrigeration/freestanding/bottom-mount/mug/retail/RF135BDLJX4_External-Mug_84_RGB.png
RF135BDLJX4,https://www.fisherpaykel.com/on/demandware.static/-/Sites-fpa-master-catalog/default/dw72ae2f83/technical-content/product/refrigeration/freestanding/bottom-mount/rf135bdljx4-mug-id.svg
RF135BDLJX4,https://www.fisherpaykel.com/on/demandware.static/-/Sites-fpa-master-catalog/default/dw987d4f9a/product-mugs/refrigeration/freestanding/bottom-mount/mug/listing/RF135BDLJX4-external-mug-1600-lp.jpg
RF135BDLUX4 N,https://www.fisherpaykel.com/on/demandware.static/-/Sites-fpa-master-catalog/default/dwfa834d82/product-mugs/refrigeration/freestanding/bottom-mount/mug/retail/RF135BDLUX4_4B_Internal-Mug_84_RGB.png
RF135BDLUX4 N,https://www.fisherpaykel.com/on/demandware.static/-/Sites-fpa-master-catalog/default/dwab43c223/product-mugs/refrigeration/freestanding/bottom-mount/mug/retail/RF135BDLUX4_External-Mug_84_RGB.png
RF135BDLUX4 N,https://www.fisherpaykel.com/on/demandware.static/-/Sites-fpa-master-catalog/en_CA/v1599705094608/rf135bdlux4_insitu_external-1600-gal.jpg
RF135BDLUX4 N,https://www.fisherpaykel.com/on/demandware.static/-/Sites-fpa-master-catalog/en_CA/v1599705094608/rf135bdrux4_insitu_external-1600-gal.jpg
RF135BDLUX4 N,https://www.fisherpaykel.com/on/demandware.static/-/Sites-fpa-master-catalog/default/dw9a5441f9/technical-content/product/refrigeration/freestanding/bottom-mount/rf135bdlux4-mug-ld.svg
RF135BDLUX4 N,https://www.fisherpaykel.com/on/demandware.static/-/Sites-fpa-master-catalog/default/dwdc47d800/product-mugs/refrigeration/freestanding/bottom-mount/mug/listing/RF135BDLUX4-external-mug-1600-lp.jpg
RF135BDRJX4,https://www.fisherpaykel.com/on/demandware.static/-/Sites-fpa-master-catalog/default/dw9a3964e5/product-mugs/refrigeration/freestanding/bottom-mount/mug/retail/RF135BDRJX4_4B_Internal-Mug_84_RGB.png
RF135BDRJX4,https://www.fisherpaykel.com/on/demandware.static/-/Sites-fpa-master-catalog/default/dw2cd053de/product-mugs/refrigeration/freestanding/bottom-mount/mug/retail/RF135BDRJX4_External-Mug_84_RGB.png
RF135BDRJX4,https://www.fisherpaykel.com/on/demandware.static/-/Sites-fpa-master-catalog/default/dwf1c5aa71/technical-content/product/refrigeration/freestanding/bottom-mount/rf135bdrjx4-mug-id.svg
RF135BDRJX4,https://www.fisherpaykel.com/on/demandware.static/-/Sites-fpa-master-catalog/default/dwfdd99eec/product-mugs/refrigeration/freestanding/bottom-mount/mug/listing/RF135BDRJX4-external-mug-1600-lp.jpg
RF135BDRUX4 N,https://www.fisherpaykel.com/on/demandware.static/-/Sites-fpa-master-catalog/default/dw27a84b5a/product-mugs/refrigeration/freestanding/bottom-mount/mug/retail/RF135BDRUX4_4B_Internal-Mug_84_RGB.png
RF135BDRUX4 N,https://www.fisherpaykel.com/on/demandware.static/-/Sites-fpa-master-catalog/default/dw0806ee19/product-mugs/refrigeration/freestanding/bottom-mount/mug/retail/RF135BDRUX4_External-Mug_84_RGB.png
RF135BDRUX4 N,https://www.fisherpaykel.com/on/demandware.static/-/Sites-fpa-master-catalog/en_CA/v1599705094608/rf135bdlux4_insitu_external-1600-gal.jpg
RF135BDRUX4 N,https://www.fisherpaykel.com/on/demandware.static/-/Sites-fpa-master-catalog/en_CA/v1599705094608/rf135bdrux4_insitu_external-1600-gal.jpg
RF135BDRUX4 N,https://www.fisherpaykel.com/on/demandware.static/-/Sites-fpa-master-catalog/default/dw582fac9b/technical-content/product/refrigeration/freestanding/bottom-mount/rf135bdrux4-mug-ld.svg
RF135BDRUX4 N,https://www.fisherpaykel.com/on/demandware.static/-/Sites-fpa-master-catalog/default/dwd96c1d0c/product-mugs/refrigeration/freestanding/bottom-mount/mug/listing/RF135BDRUX4-external-mug-1600-lp.jpg
RF135BLPX6 N,https://www.fisherpaykel.com/on/demandware.static/-/Sites-fpa-master-catalog/default/dw8af944a4/product-mugs/refrigeration/freestanding/bottom-mount/mug/retail/RF135BLPX6_Internal-Mug_84_RGB.png
RF135BLPX6 N,https://www.fisherpaykel.com/on/demandware.static/-/Sites-fpa-master-catalog/default/dw0621fe98/product-mugs/refrigeration/freestanding/bottom-mount/mug/retail/RF135BLPX6_External-Mug_84_RGB.png
RF135BLPX6 N,https://www.fisherpaykel.com/on/demandware.static/-/Sites-fpa-master-catalog/en_CA/v1599705094608/rf135brpx6_insitu-1600-gal.jpg
RF135BLPX6 N,https://www.fisherpaykel.com/on/demandware.static/-/Sites-fpa-master-catalog/en_CA/v1599705094608/rf135blpx6_insitu_external-1600-gal.jpg
RF135BLPX6 N,https://www.fisherpaykel.com/on/demandware.static/-/Sites-fpa-master-catalog/default/dwbde2b4ef/technical-content/product/refrigeration/freestanding/bottom-mount/rf135blpx6-mug-ld.svg
RF135BLPX6 N,https://www.fisherpaykel.com/on/demandware.static/-/Sites-fpa-master-catalog/default/dw0e2bb94a/product-mugs/refrigeration/freestanding/bottom-mount/mug/listing/RF135BLPX6-external-mug-1600-lp.jpg
RF135BRPX6 N,https://www.fisherpaykel.com/on/demandware.static/-/Sites-fpa-master-catalog/default/dw00a96474/product-mugs/refrigeration/freestanding/bottom-mount/mug/retail/RF135BRPX6_Internal-Mug_84_RGB.png
RF135BRPX6 N,https://www.fisherpaykel.com/on/demandware.static/-/Sites-fpa-master-catalog/default/dw0e3fbeef/product-mugs/refrigeration/freestanding/bottom-mount/mug/retail/RF135BRPX6_External-Mug_84_RGB.png
RF135BRPX6 N,https://www.fisherpaykel.com/on/demandware.static/-/Sites-fpa-master-catalog/en_CA/v1599705094608/rf135brpx6_insitu-1600-gal.jpg
RF135BRPX6 N,https://www.fisherpaykel.com/on/demandware.static/-/Sites-fpa-master-catalog/en_CA/v1599705094608/rf135blpx6_insitu_external-1600-gal.jpg
RF135BRPX6 N,https://www.fisherpaykel.com/on/demandware.static/-/Sites-fpa-master-catalog/default/dw7479f264/technical-content/product/refrigeration/freestanding/bottom-mount/rf135brpx6-mug-ld.svg
RF135BRPX6 N,https://www.fisherpaykel.com/on/demandware.static/-/Sites-fpa-master-catalog/default/dw0f2b4279/product-mugs/refrigeration/freestanding/bottom-mount/mug/listing/RF135BRPX6-external-mug-1600-lp.jpg
RF170ADJX4,https://www.fisherpaykel.com/on/demandware.static/-/Sites-fpa-master-catalog/default/dw826ae37d/product-mugs/refrigeration/freestanding/french-door/mug/retail/RF170ADJSX4_Internal-Mug_84_RGB.png
RF170ADJX4,https://www.fisherpaykel.com/on/demandware.static/-/Sites-fpa-master-catalog/default/dwe20b89af/product-mugs/refrigeration/freestanding/french-door/mug/retail/RF170ADJSX4_External-Mug_84_RGB.png
RF170ADJX4,https://www.fisherpaykel.com/on/demandware.static/-/Sites-fpa-master-catalog/default/dw123de660/technical-content/product/refrigeration/freestanding/french-door/rf170adjsx4-mug-id.svg
RF170ADJX4,https://www.fisherpaykel.com/on/demandware.static/-/Sites-fpa-master-catalog/default/dw0b18da4b/product-mugs/refrigeration/freestanding/french-door/mug/listing/RF170ADJSX4-external-mug-1600-lp.jpg
RF170ADUSB5,https://www.fisherpaykel.com/on/demandware.static/-/Sites-fpa-master-catalog/default/dw3d17a6f2/product-mugs/refrigeration/freestanding/french-door/mug/retail/RF170ADUSB5-internal-mug-rs-84.png
RF170ADUSB5,https://www.fisherpaykel.com/on/demandware.static/-/Sites-fpa-master-catalog/default/dw206ceb89/product-mugs/refrigeration/freestanding/french-door/mug/retail/RF170ADUSB5-external-mug-rs-84.png
RF170ADUSB5,https://www.fisherpaykel.com/on/demandware.static/-/Sites-fpa-master-catalog/default/dwab4c5985/inspire/austin-house-austin-texas-cd-29732-w.jpg
RF170ADUSB5,https://www.fisherpaykel.com/on/demandware.static/-/Sites-fpa-master-catalog/default/dw97fde822/inspire/laurel-canyon-kitchen-andrew-lister-dk-033-059-rs-84.jpg
RF170ADUSB5,https://www.fisherpaykel.com/on/demandware.static/-/Sites-fpa-master-catalog/default/dw7ffd90c1/inspire/laurel-canyon-kitchen-andrew-lister-dk-100-rs-84.png
RF170ADUSB5,https://www.fisherpaykel.com/on/demandware.static/-/Sites-fpa-master-catalog/default/dw0995890e/inspire/laurel-canyon-kitchen-andrew-lister-dk-216-rs-84.png
RF170ADUSB5,https://www.fisherpaykel.com/on/demandware.static/-/Sites-fpa-master-catalog/default/dw6dc53093/technical-content/product/refrigeration/freestanding/french-door/rf170adusb5-mug-ld.svg
RF170ADUSB5,https://www.fisherpaykel.com/on/demandware.static/-/Sites-fpa-master-catalog/default/dwd71a0c4c/product-mugs/refrigeration/freestanding/french-door/mug/listing/RF170ADUSB5-external-mug-1600-lp.jpg
RF170ADUSX4 N,https://www.fisherpaykel.com/on/demandware.static/-/Sites-fpa-master-catalog/default/dw3cd688fe/product-mugs/refrigeration/freestanding/french-door/mug/retail/RF170ADUSX4_Internal-Mug_84_RGB.png
RF170ADUSX4 N,https://www.fisherpaykel.com/on/demandware.static/-/Sites-fpa-master-catalog/default/dw99b40510/product-mugs/refrigeration/freestanding/french-door/mug/retail/RF170ADUSX4_External-Mug_84_RGB.png
RF170ADUSX4 N,https://www.fisherpaykel.com/on/demandware.static/-/Sites-fpa-master-catalog/default/dwab4c5985/inspire/austin-house-austin-texas-cd-29732-w.jpg
RF170ADUSX4 N,https://www.fisherpaykel.com/on/demandware.static/-/Sites-fpa-master-catalog/default/dw97fde822/inspire/laurel-canyon-kitchen-andrew-lister-dk-033-059-rs-84.jpg
RF170ADUSX4 N,https://www.fisherpaykel.com/on/demandware.static/-/Sites-fpa-master-catalog/default/dw7ffd90c1/inspire/laurel-canyon-kitchen-andrew-lister-dk-100-rs-84.png
RF170ADUSX4 N,https://www.fisherpaykel.com/on/demandware.static/-/Sites-fpa-master-catalog/default/dw0995890e/inspire/laurel-canyon-kitchen-andrew-lister-dk-216-rs-84.png
RF170ADUSX4 N,https://www.fisherpaykel.com/on/demandware.static/-/Sites-fpa-master-catalog/default/dwf9bd0dfb/technical-content/product/refrigeration/freestanding/french-door/rf170adusx4-mug-ld.svg
RF170ADUSX4 N,https://www.fisherpaykel.com/on/demandware.static/-/Sites-fpa-master-catalog/default/dw4d6f0196/product-mugs/refrigeration/freestanding/french-door/mug/listing/RF170ADUSX4-external-mug-1600-lp.jpg
RF170ADW5 N,https://www.fisherpaykel.com/on/demandware.static/-/Sites-fpa-master-catalog/default/dw1520394f/product-mugs/refrigeration/freestanding/french-door/mug/retail/RF170ADW5_4B_Internal-Mug_84_RGB.png
RF170ADW5 N,https://www.fisherpaykel.com/on/demandware.static/-/Sites-fpa-master-catalog/default/dwe9cd121b/product-mugs/refrigeration/freestanding/french-door/mug/retail/RF170ADW5_External-Mug_84_RGB.png
RF170ADW5 N,https://www.fisherpaykel.com/on/demandware.static/-/Sites-fpa-master-catalog/default/dwab4c5985/inspire/austin-house-austin-texas-cd-29732-w.jpg
RF170ADW5 N,https://www.fisherpaykel.com/on/demandware.static/-/Sites-fpa-master-catalog/default/dw97fde822/inspire/laurel-canyon-kitchen-andrew-lister-dk-033-059-rs-84.jpg
RF170ADW5 N,https://www.fisherpaykel.com/on/demandware.static/-/Sites-fpa-master-catalog/default/dw7ffd90c1/inspire/laurel-canyon-kitchen-andrew-lister-dk-100-rs-84.png
RF170ADW5 N,https://www.fisherpaykel.com/on/demandware.static/-/Sites-fpa-master-catalog/default/dw0995890e/inspire/laurel-canyon-kitchen-andrew-lister-dk-216-rs-84.png
RF170ADW5 N,https://www.fisherpaykel.com/on/demandware.static/-/Sites-fpa-master-catalog/default/dwe829f78c/technical-content/product/refrigeration/freestanding/french-door/rf170adw5-mug-ld.svg
RF170ADW5 N,https://www.fisherpaykel.com/on/demandware.static/-/Sites-fpa-master-catalog/default/dw0ab3e592/product-mugs/refrigeration/freestanding/french-door/mug/listing/RF170ADW5-external-mug-1600-lp.jpg
RF170ADX4 N,https://www.fisherpaykel.com/on/demandware.static/-/Sites-fpa-master-catalog/default/dw94ed6b34/product-mugs/refrigeration/freestanding/french-door/mug/retail/RF170ADX4_Internal-Mug_84_RGB.png
RF170ADX4 N,https://www.fisherpaykel.com/on/demandware.static/-/Sites-fpa-master-catalog/default/dw8a5b2261/product-mugs/refrigeration/freestanding/french-door/mug/retail/RF170ADX4_External-Mug_84_RGB.png
RF170ADX4 N,https://www.fisherpaykel.com/on/demandware.static/-/Sites-fpa-master-catalog/default/dwab4c5985/inspire/austin-house-austin-texas-cd-29732-w.jpg
RF170ADX4 N,https://www.fisherpaykel.com/on/demandware.static/-/Sites-fpa-master-catalog/default/dw97fde822/inspire/laurel-canyon-kitchen-andrew-lister-dk-033-059-rs-84.jpg
RF170ADX4 N,https://www.fisherpaykel.com/on/demandware.static/-/Sites-fpa-master-catalog/default/dw7ffd90c1/inspire/laurel-canyon-kitchen-andrew-lister-dk-100-rs-84.png
RF170ADX4 N,https://www.fisherpaykel.com/on/demandware.static/-/Sites-fpa-master-catalog/default/dw0995890e/inspire/laurel-canyon-kitchen-andrew-lister-dk-216-rs-84.png
RF170ADX4 N,https://www.fisherpaykel.com/on/demandware.static/-/Sites-fpa-master-catalog/default/dw0942deea/technical-content/product/refrigeration/freestanding/french-door/rf170adx4-mug-ld.svg
RF170ADX4 N,https://www.fisherpaykel.com/on/demandware.static/-/Sites-fpa-master-catalog/default/dwa2bace52/product-mugs/refrigeration/freestanding/french-door/mug/listing/RF170ADX4-external-mug-1600-lp.jpg
RF170BLPUX6 N,https://www.fisherpaykel.com/on/demandware.static/-/Sites-fpa-master-catalog/default/dw3ecb0a05/product-mugs/refrigeration/freestanding/bottom-mount/mug/retail/RF170BLPUX6_Internal-Mug_84_RGB.png
RF170BLPUX6 N,https://www.fisherpaykel.com/on/demandware.static/-/Sites-fpa-master-catalog/default/dw30971259/product-mugs/refrigeration/freestanding/bottom-mount/mug/retail/RF170BLPUX6_External-Mug_84_RGB.png
RF170BLPUX6 N,https://www.fisherpaykel.com/on/demandware.static/-/Sites-fpa-master-catalog/en_CA/v1599705094608/rf170brpux6_insitu_034-1600-gal.jpg
RF170BLPUX6 N,https://www.fisherpaykel.com/on/demandware.static/-/Sites-fpa-master-catalog/en_CA/v1599705094608/rf170blpux6_insitu_external-1600-gal.jpg
RF170BLPUX6 N,https://www.fisherpaykel.com/on/demandware.static/-/Sites-fpa-master-catalog/default/dwf39134e3/technical-content/product/refrigeration/freestanding/bottom-mount/rf170blpux6-mug-ld.svg
RF170BLPUX6 N,https://www.fisherpaykel.com/on/demandware.static/-/Sites-fpa-master-catalog/default/dwac945a12/product-mugs/refrigeration/freestanding/bottom-mount/mug/listing/RF170BLPUX6-external-mug-1600-lp.jpg
RF170BLPX6 N,https://www.fisherpaykel.com/on/demandware.static/-/Sites-fpa-master-catalog/default/dwe604cce4/product-mugs/refrigeration/freestanding/bottom-mount/mug/retail/RF170BLPX6_Internal-Mug_84_RGB.png
RF170BLPX6 N,https://www.fisherpaykel.com/on/demandware.static/-/Sites-fpa-master-catalog/default/dw5e3fdfa3/product-mugs/refrigeration/freestanding/bottom-mount/mug/retail/RF170BLPX6_External-Mug_84_RGB.png
RF170BLPX6 N,https://www.fisherpaykel.com/on/demandware.static/-/Sites-fpa-master-catalog/en_CA/v1599705094608/rf170brpx6_insitu_034-1600-gal.jpg
RF170BLPX6 N,https://www.fisherpaykel.com/on/demandware.static/-/Sites-fpa-master-catalog/en_CA/v1599705094608/rf170blpx6_insitu_external-1600-gal.jpg
RF170BLPX6 N,https://www.fisherpaykel.com/on/demandware.static/-/Sites-fpa-master-catalog/default/dw861a36f9/technical-content/product/refrigeration/freestanding/bottom-mount/rf170blpx6-mug-ld.svg
RF170BLPX6 N,https://www.fisherpaykel.com/on/demandware.static/-/Sites-fpa-master-catalog/default/dw88b65102/product-mugs/refrigeration/freestanding/bottom-mount/mug/listing/RF170BLPX6-external-mug-1600-lp.jpg
RF170BRPUX6 N,https://www.fisherpaykel.com/on/demandware.static/-/Sites-fpa-master-catalog/default/dwb5218caa/product-mugs/refrigeration/freestanding/bottom-mount/mug/retail/RF170BRPUX6_Internal-Mug_84_RGB.png
RF170BRPUX6 N,https://www.fisherpaykel.com/on/demandware.static/-/Sites-fpa-master-catalog/default/dw13414938/product-mugs/refrigeration/freestanding/bottom-mount/mug/retail/RF170BRPUX6_External-Mug_84_RGB.png
RF170BRPUX6 N,https://www.fisherpaykel.com/on/demandware.static/-/Sites-fpa-master-catalog/en_CA/v1599705094608/rf170brpux6_insitu_034-1600-gal.jpg
RF170BRPUX6 N,https://www.fisherpaykel.com/on/demandware.static/-/Sites-fpa-master-catalog/en_CA/v1599705094608/rf170blpux6_insitu_external-1600-gal.jpg
RF170BRPUX6 N,https://www.fisherpaykel.com/on/demandware.static/-/Sites-fpa-master-catalog/default/dw738a7394/technical-content/product/refrigeration/freestanding/bottom-mount/rf170brpux6-mug-ld.svg
RF170BRPUX6 N,https://www.fisherpaykel.com/on/demandware.static/-/Sites-fpa-master-catalog/default/dw504dfb36/product-mugs/refrigeration/freestanding/bottom-mount/mug/listing/RF170BRPUX6-external-mug-1600-lp.jpg
RF170BRPW6 N,https://www.fisherpaykel.com/on/demandware.static/-/Sites-fpa-master-catalog/default/dwdf289cff/product-mugs/refrigeration/freestanding/bottom-mount/mug/retail/RF170BRPW6_Internal-Mug_84_RGB.png
RF170BRPW6 N,https://www.fisherpaykel.com/on/demandware.static/-/Sites-fpa-master-catalog/default/dw249b69bc/product-mugs/refrigeration/freestanding/bottom-mount/mug/retail/RF170BRPW6_External-Mug_84_RGB.png
RF170BRPW6 N,https://www.fisherpaykel.com/on/demandware.static/-/Sites-fpa-master-catalog/en_CA/v1599705094608/rf170brpw6_insitu_external-1600-gal.jpg
RF170BRPW6 N,https://www.fisherpaykel.com/on/demandware.static/-/Sites-fpa-master-catalog/en_CA/v1599705094608/rf170blpw6_insitu_external-1600-gal.jpg
RF170BRPW6 N,https://www.fisherpaykel.com/on/demandware.static/-/Sites-fpa-master-catalog/default/dw258644e1/technical-content/product/refrigeration/freestanding/bottom-mount/rf170brpw6-mug-ld.svg
RF170BRPW6 N,https://www.fisherpaykel.com/on/demandware.static/-/Sites-fpa-master-catalog/default/dw1cf0556e/product-mugs/refrigeration/freestanding/bottom-mount/mug/listing/RF170BRPW6-external-mug-1600-lp.jpg
RF170BRPX6 N,https://www.fisherpaykel.com/on/demandware.static/-/Sites-fpa-master-catalog/default/dwb8a067f7/product-mugs/refrigeration/freestanding/bottom-mount/mug/retail/RF170BRPX6_Internal-Mug_84_RGB.png
RF170BRPX6 N,https://www.fisherpaykel.com/on/demandware.static/-/Sites-fpa-master-catalog/default/dw8164f645/product-mugs/refrigeration/freestanding/bottom-mount/mug/retail/RF170BRPX6_External-Mug_84_RGB.png
RF170BRPX6 N,https://www.fisherpaykel.com/on/demandware.static/-/Sites-fpa-master-catalog/en_CA/v1599705094608/rf170brpx6_insitu_034-1600-gal.jpg
RF170BRPX6 N,https://www.fisherpaykel.com/on/demandware.static/-/Sites-fpa-master-catalog/en_CA/v1599705094608/rf170blpx6_insitu_external-1600-gal.jpg
RF170BRPX6 N,https://www.fisherpaykel.com/on/demandware.static/-/Sites-fpa-master-catalog/default/dw1a695fcd/technical-content/product/refrigeration/freestanding/bottom-mount/rf170brpx6-mug-ld.svg
RF170BRPX6 N,https://www.fisherpaykel.com/on/demandware.static/-/Sites-fpa-master-catalog/default/dw9d2e362a/product-mugs/refrigeration/freestanding/bottom-mount/mug/listing/RF170BRPX6-external-mug-1600-lp.jpg
RF170WDLJX5,https://www.fisherpaykel.com/on/demandware.static/-/Sites-fpa-master-catalog/default/dw73e7e176/product-mugs/refrigeration/freestanding/bottom-mount/mug/retail/RF170WDLJX5_4B_Internal-Mug_84_RGB.png
RF170WDLJX5,https://www.fisherpaykel.com/on/demandware.static/-/Sites-fpa-master-catalog/default/dwe2bac779/product-mugs/refrigeration/freestanding/bottom-mount/mug/retail/RF170WDLJX5_External-Mug_84_RGB.png
RF170WDLJX5,https://www.fisherpaykel.com/on/demandware.static/-/Sites-fpa-master-catalog/default/dwad54f3d5/technical-content/product/refrigeration/freestanding/bottom-mount/rf170wdljx5-mug-id.svg
RF170WDLJX5,https://www.fisherpaykel.com/on/demandware.static/-/Sites-fpa-master-catalog/default/dw5e670b1a/product-mugs/refrigeration/freestanding/bottom-mount/mug/listing/RF170WDLJX5-external-mug-1600-lp.jpg
RF170WDLUX5 N,https://www.fisherpaykel.com/on/demandware.static/-/Sites-fpa-master-catalog/default/dw30221c7c/product-mugs/refrigeration/freestanding/bottom-mount/mug/retail/RF170WDLUX5_4B_Internal-Mug_84_RGB.png
RF170WDLUX5 N,https://www.fisherpaykel.com/on/demandware.static/-/Sites-fpa-master-catalog/default/dwa37692ba/product-mugs/refrigeration/freestanding/bottom-mount/mug/retail/RF170WDLUX5_External-Mug_84_RGB.png
RF170WDLUX5 N,https://www.fisherpaykel.com/on/demandware.static/-/Sites-fpa-master-catalog/en_CA/v1599705094608/rf170wdlux5_insitu_external-1600-gal.jpg
RF170WDLUX5 N,https://www.fisherpaykel.com/on/demandware.static/-/Sites-fpa-master-catalog/en_CA/v1599705094608/rf170wdrux5_insitu_external-1600-gal.jpg
RF170WDLUX5 N,https://www.fisherpaykel.com/on/demandware.static/-/Sites-fpa-master-catalog/default/dwba7249d7/technical-content/product/refrigeration/freestanding/bottom-mount/rf170wdlux5-mug-ld.svg
RF170WDLUX5 N,https://www.fisherpaykel.com/on/demandware.static/-/Sites-fpa-master-catalog/default/dwb8ceba17/product-mugs/refrigeration/freestanding/bottom-mount/mug/listing/RF170WDLUX5-external-mug-1600-lp.jpg
RF170WDLX5 N,https://www.fisherpaykel.com/on/demandware.static/-/Sites-fpa-master-catalog/default/dw0a701695/product-mugs/refrigeration/freestanding/bottom-mount/mug/retail/RF170WDLX5_4B_Internal-Mug_84_RGB.png
RF170WDLX5 N,https://www.fisherpaykel.com/on/demandware.static/-/Sites-fpa-master-catalog/default/dw15b717ef/product-mugs/refrigeration/freestanding/bottom-mount/mug/retail/RF170WDLX5_External-Mug_84_RGB.png
RF170WDLX5 N,https://www.fisherpaykel.com/on/demandware.static/-/Sites-fpa-master-catalog/en_CA/v1599705094608/rf170wdlx5-rf170wdrux5_insitu-1600-gal.jpg
RF170WDLX5 N,https://www.fisherpaykel.com/on/demandware.static/-/Sites-fpa-master-catalog/en_CA/v1599705094608/rf170wdrx5_insitu_external-1600-gal.jpg
RF170WDLX5 N,https://www.fisherpaykel.com/on/demandware.static/-/Sites-fpa-master-catalog/default/dw88df73a9/technical-content/product/refrigeration/freestanding/bottom-mount/rf170wdlx5-mug-ld.svg
RF170WDLX5 N,https://www.fisherpaykel.com/on/demandware.static/-/Sites-fpa-master-catalog/default/dw4c276d03/product-mugs/refrigeration/freestanding/bottom-mount/mug/listing/RF170WDLX5-external-mug-1600-lp.jpg
RF170WDRJX5,https://www.fisherpaykel.com/on/demandware.static/-/Sites-fpa-master-catalog/default/dw0f510e39/product-mugs/refrigeration/freestanding/bottom-mount/mug/retail/RF170WDRJX5_4B_Internal-Mug_84_RGB.png
RF170WDRJX5,https://www.fisherpaykel.com/on/demandware.static/-/Sites-fpa-master-catalog/default/dw178bb702/product-mugs/refrigeration/freestanding/bottom-mount/mug/retail/RF170WDRJX5_External-Mug_84_RGB.png
RF170WDRJX5,https://www.fisherpaykel.com/on/demandware.static/-/Sites-fpa-master-catalog/default/dw412ba124/technical-content/product/refrigeration/freestanding/bottom-mount/rf170wdrjx5-mug-id.svg
RF170WDRJX5,https://www.fisherpaykel.com/on/demandware.static/-/Sites-fpa-master-catalog/default/dw220d978c/product-mugs/refrigeration/freestanding/bottom-mount/mug/listing/RF170WDRJX5-external-mug-1600-lp.jpg
RF170WDRUB5,https://www.fisherpaykel.com/on/demandware.static/-/Sites-fpa-master-catalog/default/dw92bc0cb5/product-mugs/refrigeration/freestanding/bottom-mount/mug/retail/RF170WDRUB5-internal-mug-rs-84.png
RF170WDRUB5,https://www.fisherpaykel.com/on/demandware.static/-/Sites-fpa-master-catalog/default/dw1a37db4c/product-mugs/refrigeration/freestanding/bottom-mount/mug/retail/RF170WDRUB5-external-mug-rs-84.png
RF170WDRUB5,https://www.fisherpaykel.com/on/demandware.static/-/Sites-fpa-master-catalog/en_CA/v1599705094608/rf170wdrub5-insitu-external-1600-gal.jpg
RF170WDRUB5,https://www.fisherpaykel.com/on/demandware.static/-/Sites-fpa-master-catalog/default/dw1e87df75/technical-content/product/refrigeration/freestanding/bottom-mount/rf170wdrub5-mug-ld.svg
RF170WDRUB5,https://www.fisherpaykel.com/on/demandware.static/-/Sites-fpa-master-catalog/default/dwa9454671/product-mugs/refrigeration/freestanding/bottom-mount/mug/listing/RF170WDRUB5-external-mug-1600-lp.jpg
RF170WDRUX5 N,https://www.fisherpaykel.com/on/demandware.static/-/Sites-fpa-master-catalog/default/dwf57c8428/product-mugs/refrigeration/freestanding/bottom-mount/mug/retail/RF170WDRUX5_4B_Internal-Mug_84_RGB.png
RF170WDRUX5 N,https://www.fisherpaykel.com/on/demandware.static/-/Sites-fpa-master-catalog/default/dwb8d6fadb/product-mugs/refrigeration/freestanding/bottom-mount/mug/retail/RF170WDRUX5_External-Mug_84_RGB.png
RF170WDRUX5 N,https://www.fisherpaykel.com/on/demandware.static/-/Sites-fpa-master-catalog/en_CA/v1599705094608/rf170wdlux5_insitu_external-1600-gal.jpg
RF170WDRUX5 N,https://www.fisherpaykel.com/on/demandware.static/-/Sites-fpa-master-catalog/en_CA/v1599705094608/rf170wdrux5_insitu_external-1600-gal.jpg
RF170WDRUX5 N,https://www.fisherpaykel.com/on/demandware.static/-/Sites-fpa-master-catalog/default/dw37fd36c7/technical-content/product/refrigeration/freestanding/bottom-mount/rf170wdrux5-mug-ld.svg
RF170WDRUX5 N,https://www.fisherpaykel.com/on/demandware.static/-/Sites-fpa-master-catalog/default/dw438551a9/product-mugs/refrigeration/freestanding/bottom-mount/mug/listing/RF170WDRUX5-external-mug-1600-lp.jpg
RF170WDRX5 N,https://www.fisherpaykel.com/on/demandware.static/-/Sites-fpa-master-catalog/default/dw1f54b4ff/product-mugs/refrigeration/freestanding/bottom-mount/mug/retail/RF170WDRX5_4B_Internal-Mug_84_RGB.png
RF170WDRX5 N,https://www.fisherpaykel.com/on/demandware.static/-/Sites-fpa-master-catalog/default/dw64300c48/product-mugs/refrigeration/freestanding/bottom-mount/mug/retail/RF170WDRX5_External-Mug_84_RGB.png
RF170WDRX5 N,https://www.fisherpaykel.com/on/demandware.static/-/Sites-fpa-master-catalog/en_CA/v1599705094608/rf170wdlx5-rf170wdrux5_insitu-1600-gal.jpg
RF170WDRX5 N,https://www.fisherpaykel.com/on/demandware.static/-/Sites-fpa-master-catalog/en_CA/v1599705094608/rf170wdrx5_insitu_external-1600-gal.jpg
RF170WDRX5 N,https://www.fisherpaykel.com/on/demandware.static/-/Sites-fpa-master-catalog/default/dwa365fde5/technical-content/product/refrigeration/freestanding/bottom-mount/rf170wdrx5-mug-ld.svg
RF170WDRX5 N,https://www.fisherpaykel.com/on/demandware.static/-/Sites-fpa-master-catalog/default/dw1a243c7b/product-mugs/refrigeration/freestanding/bottom-mount/mug/listing/RF170WDRX5-external-mug-1600-lp.jpg
RF172GDUX1,https://www.fisherpaykel.com/on/demandware.static/-/Sites-fpa-master-catalog/default/dw33160b36/product-mugs/refrigeration/freestanding/french-door/mug/listing/RF172GDUX1-external-mug-1600-lp.jpg
RF172GDUX1,https://www.fisherpaykel.com/on/demandware.static/-/Sites-fpa-master-catalog/en_CA/v1599705094608/product-mugs/refrigeration/freestanding/french-door/mug/retail/rf172gdux1-internal-empty-mug-dp.png
RF172GDUX1,https://www.fisherpaykel.com/on/demandware.static/-/Sites-fpa-master-catalog/default/dw3dc9cc8b/product-mugs/refrigeration/freestanding/french-door/mug/retail/RF172GDUX1-external-mug-rs-84.png
RF172GDUX1,https://www.fisherpaykel.com/on/demandware.static/-/Sites-fpa-master-catalog/default/dwab4c5985/inspire/austin-house-austin-texas-cd-29732-w.jpg
RF172GDUX1,https://www.fisherpaykel.com/on/demandware.static/-/Sites-fpa-master-catalog/default/dw97fde822/inspire/laurel-canyon-kitchen-andrew-lister-dk-033-059-rs-84.jpg
RF172GDUX1,https://www.fisherpaykel.com/on/demandware.static/-/Sites-fpa-master-catalog/default/dw7ffd90c1/inspire/laurel-canyon-kitchen-andrew-lister-dk-100-rs-84.png
RF172GDUX1,https://www.fisherpaykel.com/on/demandware.static/-/Sites-fpa-master-catalog/default/dw0995890e/inspire/laurel-canyon-kitchen-andrew-lister-dk-216-rs-84.png
RF172GDUX1,https://www.fisherpaykel.com/on/demandware.static/-/Sites-fpa-master-catalog/default/dw9a62ef02/technical-content/product/refrigeration/freestanding/french-door/rf172gdux1-mug-id.svg
RF172GDUX1,https://www.fisherpaykel.com/on/demandware.static/-/Sites-fpa-master-catalog/default/dw33160b36/product-mugs/refrigeration/freestanding/french-door/mug/listing/RF172GDUX1-external-mug-1600-lp.jpg
RF201ACJSX1,https://www.fisherpaykel.com/on/demandware.static/-/Sites-fpa-master-catalog/default/dwe886643a/product-mugs/refrigeration/freestanding/french-door/mug/retail/RF201ACJSX1-N-internal-mug-rs-84.png
RF201ACJSX1,https://www.fisherpaykel.com/on/demandware.static/-/Sites-fpa-master-catalog/default/dw9d25b336/product-mugs/refrigeration/freestanding/french-door/mug/retail/RF201ACJSX1-N-external-mug-rs-84.png
RF201ACJSX1,https://www.fisherpaykel.com/on/demandware.static/-/Sites-fpa-master-catalog/en_CA/v1599705094608/rf201acjsx1-n-insitu-external-1600-gal.jpg
RF201ACJSX1,https://www.fisherpaykel.com/on/demandware.static/-/Sites-fpa-master-catalog/default/dw4de987fa/technical-content/product/refrigeration/freestanding/french-door/rf201acjsx1-mug-ld.svg
RF201ACJSX1,https://www.fisherpaykel.com/on/demandware.static/-/Sites-fpa-master-catalog/default/dw4338a052/product-mugs/refrigeration/freestanding/french-door/mug/listing/RF201ACJSX1-N-external-mug-1600-lp.jpg
RF201ACUSX1_N,https://www.fisherpaykel.com/on/demandware.static/-/Sites-fpa-master-catalog/default/dw7a947846/product-mugs/refrigeration/freestanding/french-door/mug/retail/RF201ACUSX1-N-internal-mug-rs-84.png
RF201ACUSX1_N,https://www.fisherpaykel.com/on/demandware.static/-/Sites-fpa-master-catalog/default/dwf730242a/product-mugs/refrigeration/freestanding/french-door/mug/retail/RF201ACUSX1-N-external-mug-rs-84.png
RF201ACUSX1_N,https://www.fisherpaykel.com/on/demandware.static/-/Sites-fpa-master-catalog/en_CA/v1599705094608/rf201acusx1-n-insitu-external-1600-gal.jpg
RF201ACUSX1_N,https://www.fisherpaykel.com/on/demandware.static/-/Sites-fpa-master-catalog/default/dw44c6f17a/technical-content/product/refrigeration/freestanding/french-door/rf201acusx1-mug-ld.svg
RF201ACUSX1_N,https://www.fisherpaykel.com/on/demandware.static/-/Sites-fpa-master-catalog/default/dw5b2da019/product-mugs/refrigeration/freestanding/french-door/mug/listing/RF201ACUSX1-N-external-mug-1600-lp.jpg
RF201ADJSX5,https://www.fisherpaykel.com/on/demandware.static/-/Sites-fpa-master-catalog/default/dwaa5c98fc/product-mugs/refrigeration/freestanding/french-door/mug/retail/RF201ADJSX5_4B_Internal-Mug_84_RGB.png
RF201ADJSX5,https://www.fisherpaykel.com/on/demandware.static/-/Sites-fpa-master-catalog/default/dw0aafeb3b/product-mugs/refrigeration/freestanding/french-door/mug/retail/RF201ADJSX5_External-Mug_84_RGB.png
RF201ADJSX5,https://www.fisherpaykel.com/on/demandware.static/-/Sites-fpa-master-catalog/default/dwab4c5985/inspire/austin-house-austin-texas-cd-29732-w.jpg
RF201ADJSX5,https://www.fisherpaykel.com/on/demandware.static/-/Sites-fpa-master-catalog/default/dw97fde822/inspire/laurel-canyon-kitchen-andrew-lister-dk-033-059-rs-84.jpg
RF201ADJSX5,https://www.fisherpaykel.com/on/demandware.static/-/Sites-fpa-master-catalog/default/dw7ffd90c1/inspire/laurel-canyon-kitchen-andrew-lister-dk-100-rs-84.png
RF201ADJSX5,https://www.fisherpaykel.com/on/demandware.static/-/Sites-fpa-master-catalog/default/dw0995890e/inspire/laurel-canyon-kitchen-andrew-lister-dk-216-rs-84.png
RF201ADJSX5,https://www.fisherpaykel.com/on/demandware.static/-/Sites-fpa-master-catalog/default/dw9edaea22/technical-content/product/refrigeration/freestanding/french-door/rf201adjsx5-mug-id.svg
RF201ADJSX5,https://www.fisherpaykel.com/on/demandware.static/-/Sites-fpa-master-catalog/default/dw8d38eefa/product-mugs/refrigeration/freestanding/french-door/mug/listing/RF201ADJSX5-external-mug-84-1600-lp.jpg
RF201ADUSB5,https://www.fisherpaykel.com/on/demandware.static/-/Sites-fpa-master-catalog/default/dwc05bbdb4/product-mugs/refrigeration/freestanding/french-door/mug/retail/RF201ADUSB5-internal-mug-rs-84.png
RF201ADUSB5,https://www.fisherpaykel.com/on/demandware.static/-/Sites-fpa-master-catalog/default/dw45fcee7d/product-mugs/refrigeration/freestanding/french-door/mug/retail/RF201ADUSB5-external-mug-rs-84.png
RF201ADUSB5,https://www.fisherpaykel.com/on/demandware.static/-/Sites-fpa-master-catalog/default/dwab4c5985/inspire/austin-house-austin-texas-cd-29732-w.jpg
RF201ADUSB5,https://www.fisherpaykel.com/on/demandware.static/-/Sites-fpa-master-catalog/default/dw97fde822/inspire/laurel-canyon-kitchen-andrew-lister-dk-033-059-rs-84.jpg
RF201ADUSB5,https://www.fisherpaykel.com/on/demandware.static/-/Sites-fpa-master-catalog/default/dw7ffd90c1/inspire/laurel-canyon-kitchen-andrew-lister-dk-100-rs-84.png
RF201ADUSB5,https://www.fisherpaykel.com/on/demandware.static/-/Sites-fpa-master-catalog/default/dw0995890e/inspire/laurel-canyon-kitchen-andrew-lister-dk-216-rs-84.png
RF201ADUSB5,https://www.fisherpaykel.com/on/demandware.static/-/Sites-fpa-master-catalog/default/dw8d09a35c/technical-content/product/refrigeration/freestanding/french-door/rf201adusb5-mug-ld.svg
RF201ADUSB5,https://www.fisherpaykel.com/on/demandware.static/-/Sites-fpa-master-catalog/default/dw9ea910e2/product-mugs/refrigeration/freestanding/french-door/mug/listing/RF201ADUSB5-external-mug-1600-lp.jpg
RF201ADUSX5 N,https://www.fisherpaykel.com/on/demandware.static/-/Sites-fpa-master-catalog/default/dw954a30cc/product-mugs/refrigeration/freestanding/french-door/mug/retail/RF201ADUSX5_4B_Internal-Mug_84_RGB.png
RF201ADUSX5 N,https://www.fisherpaykel.com/on/demandware.static/-/Sites-fpa-master-catalog/default/dwdc3cdb96/product-mugs/refrigeration/freestanding/french-door/mug/retail/RF201ADUSX5_External-Mug_84_RGB.png
RF201ADUSX5 N,https://www.fisherpaykel.com/on/demandware.static/-/Sites-fpa-master-catalog/default/dwab4c5985/inspire/austin-house-austin-texas-cd-29732-w.jpg
RF201ADUSX5 N,https://www.fisherpaykel.com/on/demandware.static/-/Sites-fpa-master-catalog/default/dw97fde822/inspire/laurel-canyon-kitchen-andrew-lister-dk-033-059-rs-84.jpg
RF201ADUSX5 N,https://www.fisherpaykel.com/on/demandware.static/-/Sites-fpa-master-catalog/default/dw7ffd90c1/inspire/laurel-canyon-kitchen-andrew-lister-dk-100-rs-84.png
RF201ADUSX5 N,https://www.fisherpaykel.com/on/demandware.static/-/Sites-fpa-master-catalog/default/dw0995890e/inspire/laurel-canyon-kitchen-andrew-lister-dk-216-rs-84.png
RF201ADUSX5 N,https://www.fisherpaykel.com/on/demandware.static/-/Sites-fpa-master-catalog/default/dwfa4ffbc2/technical-content/product/refrigeration/freestanding/french-door/rf201adusx5-mug-ld.svg
RF201ADUSX5 N,https://www.fisherpaykel.com/on/demandware.static/-/Sites-fpa-master-catalog/default/dw1dbfd862/product-mugs/refrigeration/freestanding/french-door/mug/listing/RF201ADUSX5-external-mug-1600-lp.jpg
RF201ADW5 N,https://www.fisherpaykel.com/on/demandware.static/-/Sites-fpa-master-catalog/default/dwb500a7bd/product-mugs/refrigeration/freestanding/french-door/mug/retail/RF201ADW5_4B_Internal-Mug_84_RGB.png
RF201ADW5 N,https://www.fisherpaykel.com/on/demandware.static/-/Sites-fpa-master-catalog/default/dw15196f80/product-mugs/refrigeration/freestanding/french-door/mug/retail/RF201ADW5_External-Mug_84_RGB.png
RF201ADW5 N,https://www.fisherpaykel.com/on/demandware.static/-/Sites-fpa-master-catalog/default/dwab4c5985/inspire/austin-house-austin-texas-cd-29732-w.jpg
RF201ADW5 N,https://www.fisherpaykel.com/on/demandware.static/-/Sites-fpa-master-catalog/default/dw97fde822/inspire/laurel-canyon-kitchen-andrew-lister-dk-033-059-rs-84.jpg
RF201ADW5 N,https://www.fisherpaykel.com/on/demandware.static/-/Sites-fpa-master-catalog/default/dw7ffd90c1/inspire/laurel-canyon-kitchen-andrew-lister-dk-100-rs-84.png
RF201ADW5 N,https://www.fisherpaykel.com/on/demandware.static/-/Sites-fpa-master-catalog/default/dw0995890e/inspire/laurel-canyon-kitchen-andrew-lister-dk-216-rs-84.png
RF201ADW5 N,https://www.fisherpaykel.com/on/demandware.static/-/Sites-fpa-master-catalog/default/dw25a43d3c/technical-content/product/refrigeration/freestanding/french-door/rf201adw5-mug-ld.svg
RF201ADW5 N,https://www.fisherpaykel.com/on/demandware.static/-/Sites-fpa-master-catalog/default/dwf0d9aaa1/product-mugs/refrigeration/freestanding/french-door/mug/listing/RF201ADW5-external-mug-1600-lp.jpg
RF201ADX5 N,https://www.fisherpaykel.com/on/demandware.static/-/Sites-fpa-master-catalog/default/dwb0b44d54/product-mugs/refrigeration/freestanding/french-door/mug/retail/RF201ADX5_4B_Internal-Mug_84_RGB.png
RF201ADX5 N,https://www.fisherpaykel.com/on/demandware.static/-/Sites-fpa-master-catalog/default/dw4cf44c96/product-mugs/refrigeration/freestanding/french-door/mug/retail/RF201ADX5_External-Mug_84_RGB.png
RF201ADX5 N,https://www.fisherpaykel.com/on/demandware.static/-/Sites-fpa-master-catalog/default/dwab4c5985/inspire/austin-house-austin-texas-cd-29732-w.jpg
RF201ADX5 N,https://www.fisherpaykel.com/on/demandware.static/-/Sites-fpa-master-catalog/default/dw97fde822/inspire/laurel-canyon-kitchen-andrew-lister-dk-033-059-rs-84.jpg
RF201ADX5 N,https://www.fisherpaykel.com/on/demandware.static/-/Sites-fpa-master-catalog/default/dw7ffd90c1/inspire/laurel-canyon-kitchen-andrew-lister-dk-100-rs-84.png
RF201ADX5 N,https://www.fisherpaykel.com/on/demandware.static/-/Sites-fpa-master-catalog/default/dw0995890e/inspire/laurel-canyon-kitchen-andrew-lister-dk-216-rs-84.png
RF201ADX5 N,https://www.fisherpaykel.com/on/demandware.static/-/Sites-fpa-master-catalog/default/dwbb95a6a8/technical-content/product/refrigeration/freestanding/french-door/rf201adx5-mug-ld.svg
RF201ADX5 N,https://www.fisherpaykel.com/on/demandware.static/-/Sites-fpa-master-catalog/default/dwd660d98d/product-mugs/refrigeration/freestanding/french-door/mug/listing/RF201ADX5-external-mug-84-1600-lp.jpg
RF203QDUVX1,https://www.fisherpaykel.com/on/demandware.static/-/Sites-fpa-master-catalog/default/dwc3e3540b/product-mugs/refrigeration/freestanding/quad-door/mug/listing/RF203QDUVX1-external-mug-1600-lp.jpg
RF203QDUVX1,https://www.fisherpaykel.com/on/demandware.static/-/Sites-fpa-master-catalog/default/dw2af70da9/product-mugs/refrigeration/freestanding/quad-door/mug/retail/RF203QDUVX1-external-mug-rs-84.png
RF203QDUVX1,https://www.fisherpaykel.com/on/demandware.static/-/Sites-fpa-master-catalog/default/dwab4c5985/inspire/austin-house-austin-texas-cd-29732-w.jpg
RF203QDUVX1,https://www.fisherpaykel.com/on/demandware.static/-/Sites-fpa-master-catalog/default/dw97fde822/inspire/laurel-canyon-kitchen-andrew-lister-dk-033-059-rs-84.jpg
RF203QDUVX1,https://www.fisherpaykel.com/on/demandware.static/-/Sites-fpa-master-catalog/default/dw7ffd90c1/inspire/laurel-canyon-kitchen-andrew-lister-dk-100-rs-84.png
RF203QDUVX1,https://www.fisherpaykel.com/on/demandware.static/-/Sites-fpa-master-catalog/default/dw0995890e/inspire/laurel-canyon-kitchen-andrew-lister-dk-216-rs-84.png
RF203QDUVX1,https://www.fisherpaykel.com/on/demandware.static/-/Sites-fpa-master-catalog/default/dwf0c1de6a/technical-content/product/refrigeration/freestanding/bottom-mount/rf203qduvx1-mug-id.svg
RF203QDUVX1,https://www.fisherpaykel.com/on/demandware.static/-/Sites-fpa-master-catalog/default/dw739dc396/product-mugs/refrigeration/freestanding/quad-door/mug/listing/RF203QDUVX1-external-mug-1600-lp.png
RF203QDUVX1,https://www.fisherpaykel.com/on/demandware.static/-/Sites-fpa-master-catalog/default/dw0ac7dba8/product-mugs/refrigeration/freestanding/quad-door/mug/listing/RF203QDUVX1-internal-mug-833-2nd-lp.png
RS2484SLK1,https://www.fisherpaykel.com/on/demandware.static/-/Sites-fpa-master-catalog/default/dw12b864c5/product-mugs/refrigeration/integrated/columns/mug/retail/RS2484SLK1-custom-panel-24-internal-mug-rs-84.png
RS2484SLK1,https://www.fisherpaykel.com/on/demandware.static/-/Sites-fpa-master-catalog/default/dw27b32ee9/product-mugs/refrigeration/integrated/columns/mug/retail/RS2484SLK1-RD2484L4D-internal-mug-rs-84.png
RS2484SLK1,https://www.fisherpaykel.com/on/demandware.static/-/Sites-fpa-master-catalog/default/dw7b0b7c4e/product-mugs/refrigeration/integrated/columns/mug/retail/RS2484SLK1-RD2484L4D-internal-empty-mug-rs-84.png
RS2484SLK1,https://www.fisherpaykel.com/on/demandware.static/-/Sites-fpa-master-catalog/default/dw41fcc2ee/product-mugs/refrigeration/integrated/columns/mug/retail/RS2484SLK1-custom-panel-24-external-mug-rs-84.png
RS2484SLK1,https://www.fisherpaykel.com/on/demandware.static/-/Sites-fpa-master-catalog/default/dw748f4e29/product-mugs/refrigeration/integrated/columns/mug/retail/RS2484SLK1-RD2484L4D-external-mug-rs-84.png
RS2484SLK1,https://www.fisherpaykel.com/on/demandware.static/-/Sites-fpa-master-catalog/default/dwd6928b22/inspire/hahei_house_sw_119-rs-84.png
RS2484SLK1,https://www.fisherpaykel.com/on/demandware.static/-/Sites-fpa-master-catalog/default/dwbf290ce7/inspire/hahei-house-sw-026-rs-84.png
RS2484SLK1,https://www.fisherpaykel.com/on/demandware.static/-/Sites-fpa-master-catalog/default/dw0e4ce5bc/inspire/cheshire-architects-jeremy-hansens-home-sw-02-24-rs-84.jpg
RS2484SLK1,https://www.fisherpaykel.com/on/demandware.static/-/Sites-fpa-master-catalog/default/dw808378fe/inspire/cheshire-architects-jeremy-hansens-home-sw-68-rs-84.jpg
RS2484SLK1,https://www.fisherpaykel.com/on/demandware.static/-/Sites-fpa-master-catalog/default/dw17314996/inspire/caitlin-wilson-portland-dk-368-rs-84.jpg
RS2484SLK1,https://www.fisherpaykel.com/on/demandware.static/-/Sites-fpa-master-catalog/default/dwdb387c26/inspire/fp-us-styles-class-render-31-2400.jpg
RS2484SLK1,https://www.fisherpaykel.com/on/demandware.static/-/Sites-fpa-master-catalog/default/dw658a9954/technical-content/product/refrigeration/integrated/columns/rs2484slk1-mug-ld.svg
RS2484SLK1,https://www.fisherpaykel.com/on/demandware.static/-/Sites-fpa-master-catalog/default/dw8cb098e7/product-mugs/refrigeration/integrated/columns/mug/listing/RS2484SLK1-custom-panel-24-external-mug-1600-lp.jpg
RS2484SR1,https://www.fisherpaykel.com/on/demandware.static/-/Sites-fpa-master-catalog/default/dw2a72217f/product-mugs/refrigeration/integrated/columns/mug/retail/RS2484SR1-custom-panel-24-internal-mug-rs-84.png
RS2484SR1,https://www.fisherpaykel.com/on/demandware.static/-/Sites-fpa-master-catalog/default/dw2ea43f5e/product-mugs/refrigeration/integrated/columns/mug/retail/RS2484SR1-RD2484R4D-internal-mug-rs-84.png
RS2484SR1,https://www.fisherpaykel.com/on/demandware.static/-/Sites-fpa-master-catalog/default/dw34769d20/product-mugs/refrigeration/integrated/columns/mug/retail/RS2484SR1-RD2484R4D-internal-empty-mug-rs-84.png
RS2484SR1,https://www.fisherpaykel.com/on/demandware.static/-/Sites-fpa-master-catalog/default/dwc46161e8/product-mugs/refrigeration/integrated/columns/mug/retail/RS2484SR1-custom-panel-24-external-mug-rs-84.png
RS2484SR1,https://www.fisherpaykel.com/on/demandware.static/-/Sites-fpa-master-catalog/default/dw03068f60/product-mugs/refrigeration/integrated/columns/mug/retail/RS2484SR1-RD2484R4D-external-mug-rs-84.png
RS2484SR1,https://www.fisherpaykel.com/on/demandware.static/-/Sites-fpa-master-catalog/default/dwd6928b22/inspire/hahei_house_sw_119-rs-84.png
RS2484SR1,https://www.fisherpaykel.com/on/demandware.static/-/Sites-fpa-master-catalog/default/dwbf290ce7/inspire/hahei-house-sw-026-rs-84.png
RS2484SR1,https://www.fisherpaykel.com/on/demandware.static/-/Sites-fpa-master-catalog/default/dw0e4ce5bc/inspire/cheshire-architects-jeremy-hansens-home-sw-02-24-rs-84.jpg
RS2484SR1,https://www.fisherpaykel.com/on/demandware.static/-/Sites-fpa-master-catalog/default/dw808378fe/inspire/cheshire-architects-jeremy-hansens-home-sw-68-rs-84.jpg
RS2484SR1,https://www.fisherpaykel.com/on/demandware.static/-/Sites-fpa-master-catalog/default/dw17314996/inspire/caitlin-wilson-portland-dk-368-rs-84.jpg
RS2484SR1,https://www.fisherpaykel.com/on/demandware.static/-/Sites-fpa-master-catalog/default/dwdb387c26/inspire/fp-us-styles-class-render-31-2400.jpg
RS2484SR1,https://www.fisherpaykel.com/on/demandware.static/-/Sites-fpa-master-catalog/default/dwb1848ac1/technical-content/product/refrigeration/integrated/columns/rs2484sr1-mug-ld.svg
RS2484SR1,https://www.fisherpaykel.com/on/demandware.static/-/Sites-fpa-master-catalog/default/dwc7488c38/product-mugs/refrigeration/integrated/columns/mug/listing/RS2484SR1-custom-panel-24-external-mug-1600-lp.jpg
RS2484SRK1,https://www.fisherpaykel.com/on/demandware.static/-/Sites-fpa-master-catalog/default/dw9cc9f266/product-mugs/refrigeration/integrated/columns/mug/retail/RS2484SRK1-custom-panel-24-internal-mug-rs-84.png
RS2484SRK1,https://www.fisherpaykel.com/on/demandware.static/-/Sites-fpa-master-catalog/default/dwd7f7d589/product-mugs/refrigeration/integrated/columns/mug/retail/RS2484SRK1-RD2484R4D-internal-mug-rs-84.png
RS2484SRK1,https://www.fisherpaykel.com/on/demandware.static/-/Sites-fpa-master-catalog/default/dw6c4e5d0b/product-mugs/refrigeration/integrated/columns/mug/retail/RS2484SRK1-RD2484R4D-internal-empty-mug-rs-84.png
RS2484SRK1,https://www.fisherpaykel.com/on/demandware.static/-/Sites-fpa-master-catalog/default/dw43a09c08/product-mugs/refrigeration/integrated/columns/mug/retail/RS2484SRK1-custom-panel-24-external-mug-rs-84.png
RS2484SRK1,https://www.fisherpaykel.com/on/demandware.static/-/Sites-fpa-master-catalog/default/dw1be025b4/product-mugs/refrigeration/integrated/columns/mug/retail/RS2484SRK1-RD2484R4D-external-mug-rs-84.png
RS2484SRK1,https://www.fisherpaykel.com/on/demandware.static/-/Sites-fpa-master-catalog/default/dwd6928b22/inspire/hahei_house_sw_119-rs-84.png
RS2484SRK1,https://www.fisherpaykel.com/on/demandware.static/-/Sites-fpa-master-catalog/default/dwbf290ce7/inspire/hahei-house-sw-026-rs-84.png
RS2484SRK1,https://www.fisherpaykel.com/on/demandware.static/-/Sites-fpa-master-catalog/default/dw0e4ce5bc/inspire/cheshire-architects-jeremy-hansens-home-sw-02-24-rs-84.jpg
RS2484SRK1,https://www.fisherpaykel.com/on/demandware.static/-/Sites-fpa-master-catalog/default/dw808378fe/inspire/cheshire-architects-jeremy-hansens-home-sw-68-rs-84.jpg
RS2484SRK1,https://www.fisherpaykel.com/on/demandware.static/-/Sites-fpa-master-catalog/default/dw17314996/inspire/caitlin-wilson-portland-dk-368-rs-84.jpg
RS2484SRK1,https://www.fisherpaykel.com/on/demandware.static/-/Sites-fpa-master-catalog/default/dwdb387c26/inspire/fp-us-styles-class-render-31-2400.jpg
RS2484SRK1,https://www.fisherpaykel.com/on/demandware.static/-/Sites-fpa-master-catalog/default/dwaad132dd/technical-content/product/refrigeration/integrated/columns/rs2484srk1-mug-ld.svg
RS2484SRK1,https://www.fisherpaykel.com/on/demandware.static/-/Sites-fpa-master-catalog/default/dwb5f7f429/product-mugs/refrigeration/integrated/columns/mug/listing/RS2484SRK1-custom-panel-24-external-mug-1600-lp.jpg
RS2484VL2K1,https://www.fisherpaykel.com/on/demandware.static/-/Sites-fpa-master-catalog/default/dw8edbfe22/product-mugs/wine/mug/retail/RS2484VL2K1-custom-panel-24-internal-empty-mug-rs-84.png
RS2484VL2K1,https://www.fisherpaykel.com/on/demandware.static/-/Sites-fpa-master-catalog/default/dwbe59f8cd/product-mugs/wine/mug/retail/RS2484VL2K1-custom-panel-24-internal-full-mug-rs-84.png
RS2484VL2K1,https://www.fisherpaykel.com/on/demandware.static/-/Sites-fpa-master-catalog/default/dw998f1e6e/product-mugs/wine/mug/retail/RS2484VL2K1-RD2484VL4-internal-empty-mug-rs-84.png
RS2484VL2K1,https://www.fisherpaykel.com/on/demandware.static/-/Sites-fpa-master-catalog/default/dw64750f06/product-mugs/wine/mug/retail/RS2484VL2K1-RD2484VL4-internal-full-mug-rs-84.png
RS2484VL2K1,https://www.fisherpaykel.com/on/demandware.static/-/Sites-fpa-master-catalog/default/dw4121f519/product-mugs/wine/mug/retail/RS2484VR2K1-custom-panel-24-internal-empty-mug-rs-84.png
RS2484VL2K1,https://www.fisherpaykel.com/on/demandware.static/-/Sites-fpa-master-catalog/default/dwb60cd36b/product-mugs/wine/mug/retail/RS2484VR2K1-custom-panel-24-internal-full-mug-rs-84.png
RS2484VL2K1,https://www.fisherpaykel.com/on/demandware.static/-/Sites-fpa-master-catalog/default/dwbb5c9c4d/product-mugs/wine/mug/retail/RS2484VR2K1-RD2484VR4-internal-empty-mug-rs-84.png
RS2484VL2K1,https://www.fisherpaykel.com/on/demandware.static/-/Sites-fpa-master-catalog/default/dw3f96d8e6/product-mugs/wine/mug/retail/RS2484VR2K1-RD2484VR4-internal-full-mug-rs-84.png
RS2484VL2K1,https://www.fisherpaykel.com/on/demandware.static/-/Sites-fpa-master-catalog/default/dwbc3302e8/product-mugs/wine/mug/retail/RS2484VL2K1-custom-panel-24-external-empty-mug-rs-84.png
RS2484VL2K1,https://www.fisherpaykel.com/on/demandware.static/-/Sites-fpa-master-catalog/default/dwf9bf42e1/product-mugs/wine/mug/retail/RS2484VL2K1-custom-panel-24-external-full-mug-rs-84.png
RS2484VL2K1,https://www.fisherpaykel.com/on/demandware.static/-/Sites-fpa-master-catalog/default/dwffea4c3c/product-mugs/wine/mug/retail/RS2484VL2K1-RD2484VL4-external-empty-mug-rs-84.png
RS2484VL2K1,https://www.fisherpaykel.com/on/demandware.static/-/Sites-fpa-master-catalog/default/dwedfc9684/product-mugs/wine/mug/retail/RS2484VL2K1-RD2484VL4-external-full-mug-rs-84.png
RS2484VL2K1,https://www.fisherpaykel.com/on/demandware.static/-/Sites-fpa-master-catalog/default/dwe1fd359b/product-mugs/wine/mug/retail/RS2484VR2K1-custom-panel-24-external-empty-mug-rs-84.png
RS2484VL2K1,https://www.fisherpaykel.com/on/demandware.static/-/Sites-fpa-master-catalog/default/dw5ffecfa8/product-mugs/wine/mug/retail/RS2484VR2K1-custom-panel-24-external-full-mug-rs-84.png
RS2484VL2K1,https://www.fisherpaykel.com/on/demandware.static/-/Sites-fpa-master-catalog/default/dwb4efc353/product-mugs/wine/mug/retail/RS2484VR2K1-RD2484VR4-external-empty-mug-rs-84.png
RS2484VL2K1,https://www.fisherpaykel.com/on/demandware.static/-/Sites-fpa-master-catalog/default/dw9957d133/product-mugs/wine/mug/retail/RS2484VR2K1-RD2484VR4-external-full-mug-rs-84.png
RS2484VL2K1,https://www.fisherpaykel.com/on/demandware.static/-/Sites-fpa-master-catalog/default/dw6fd8a921/technical-content/product/wine/rs2484vl2k1-mug-ld.svg
RS2484VL2K1,https://www.fisherpaykel.com/on/demandware.static/-/Sites-fpa-master-catalog/default/dwba9fdb32/technical-content/product/wine/rs2484vr2k1-mug-ld.svg
RS2484VL2K1,https://www.fisherpaykel.com/on/demandware.static/-/Sites-fpa-master-catalog/default/dw700ecaca/product-mugs/wine/mug/listing/RS2484VL2K1-custom-panel-24-external-full-mug-1600-lp.jpg
RS2484VL2K1,https://www.fisherpaykel.com/on/demandware.static/-/Sites-fpa-master-catalog/default/dwe43bd552/product-mugs/wine/mug/listing/RS2484VL2K1-custom-panel-24-internal-empty-mug-833-2nd-lp.png
RS2484VR2K1,https://www.fisherpaykel.com/on/demandware.static/-/Sites-fpa-master-catalog/default/dw8edbfe22/product-mugs/wine/mug/retail/RS2484VL2K1-custom-panel-24-internal-empty-mug-rs-84.png
RS2484VR2K1,https://www.fisherpaykel.com/on/demandware.static/-/Sites-fpa-master-catalog/default/dwbe59f8cd/product-mugs/wine/mug/retail/RS2484VL2K1-custom-panel-24-internal-full-mug-rs-84.png
RS2484VR2K1,https://www.fisherpaykel.com/on/demandware.static/-/Sites-fpa-master-catalog/default/dw998f1e6e/product-mugs/wine/mug/retail/RS2484VL2K1-RD2484VL4-internal-empty-mug-rs-84.png
RS2484VR2K1,https://www.fisherpaykel.com/on/demandware.static/-/Sites-fpa-master-catalog/default/dw64750f06/product-mugs/wine/mug/retail/RS2484VL2K1-RD2484VL4-internal-full-mug-rs-84.png
RS2484VR2K1,https://www.fisherpaykel.com/on/demandware.static/-/Sites-fpa-master-catalog/default/dw4121f519/product-mugs/wine/mug/retail/RS2484VR2K1-custom-panel-24-internal-empty-mug-rs-84.png
RS2484VR2K1,https://www.fisherpaykel.com/on/demandware.static/-/Sites-fpa-master-catalog/default/dwb60cd36b/product-mugs/wine/mug/retail/RS2484VR2K1-custom-panel-24-internal-full-mug-rs-84.png
RS2484VR2K1,https://www.fisherpaykel.com/on/demandware.static/-/Sites-fpa-master-catalog/default/dwbb5c9c4d/product-mugs/wine/mug/retail/RS2484VR2K1-RD2484VR4-internal-empty-mug-rs-84.png
RS2484VR2K1,https://www.fisherpaykel.com/on/demandware.static/-/Sites-fpa-master-catalog/default/dw3f96d8e6/product-mugs/wine/mug/retail/RS2484VR2K1-RD2484VR4-internal-full-mug-rs-84.png
RS2484VR2K1,https://www.fisherpaykel.com/on/demandware.static/-/Sites-fpa-master-catalog/default/dwbc3302e8/product-mugs/wine/mug/retail/RS2484VL2K1-custom-panel-24-external-empty-mug-rs-84.png
RS2484VR2K1,https://www.fisherpaykel.com/on/demandware.static/-/Sites-fpa-master-catalog/default/dwf9bf42e1/product-mugs/wine/mug/retail/RS2484VL2K1-custom-panel-24-external-full-mug-rs-84.png
RS2484VR2K1,https://www.fisherpaykel.com/on/demandware.static/-/Sites-fpa-master-catalog/default/dwffea4c3c/product-mugs/wine/mug/retail/RS2484VL2K1-RD2484VL4-external-empty-mug-rs-84.png
RS2484VR2K1,https://www.fisherpaykel.com/on/demandware.static/-/Sites-fpa-master-catalog/default/dwedfc9684/product-mugs/wine/mug/retail/RS2484VL2K1-RD2484VL4-external-full-mug-rs-84.png
RS2484VR2K1,https://www.fisherpaykel.com/on/demandware.static/-/Sites-fpa-master-catalog/default/dwe1fd359b/product-mugs/wine/mug/retail/RS2484VR2K1-custom-panel-24-external-empty-mug-rs-84.png
RS2484VR2K1,https://www.fisherpaykel.com/on/demandware.static/-/Sites-fpa-master-catalog/default/dw5ffecfa8/product-mugs/wine/mug/retail/RS2484VR2K1-custom-panel-24-external-full-mug-rs-84.png
RS2484VR2K1,https://www.fisherpaykel.com/on/demandware.static/-/Sites-fpa-master-catalog/default/dwb4efc353/product-mugs/wine/mug/retail/RS2484VR2K1-RD2484VR4-external-empty-mug-rs-84.png
RS2484VR2K1,https://www.fisherpaykel.com/on/demandware.static/-/Sites-fpa-master-catalog/default/dw9957d133/product-mugs/wine/mug/retail/RS2484VR2K1-RD2484VR4-external-full-mug-rs-84.png
RS2484VR2K1,https://www.fisherpaykel.com/on/demandware.static/-/Sites-fpa-master-catalog/default/dw6fd8a921/technical-content/product/wine/rs2484vl2k1-mug-ld.svg
RS2484VR2K1,https://www.fisherpaykel.com/on/demandware.static/-/Sites-fpa-master-catalog/default/dwba9fdb32/technical-content/product/wine/rs2484vr2k1-mug-ld.svg
RS2484VR2K1,https://www.fisherpaykel.com/on/demandware.static/-/Sites-fpa-master-catalog/default/dw2906c76d/product-mugs/wine/mug/listing/RS2484VR2K1-custom-panel-24-external-full-mug-1600-lp.jpg
RS2484WLU1,https://www.fisherpaykel.com/on/demandware.static/-/Sites-fpa-master-catalog/default/dw9d0b8dd1/product-mugs/refrigeration/integrated/bottom-mount/mug/listing/RS2484WLU1-custom-panel-24-external-mug-1600-lp.jpg
RS2484WLUK1,https://www.fisherpaykel.com/on/demandware.static/-/Sites-fpa-master-catalog/default/dw34e5a073/product-mugs/refrigeration/integrated/bottom-mount/mug/listing/RS2484WLUK1-custom-panel-24-external-mug-1600-lp.jpg
RS2484WRU1,https://www.fisherpaykel.com/on/demandware.static/-/Sites-fpa-master-catalog/default/dw52a5e170/product-mugs/refrigeration/integrated/bottom-mount/mug/listing/RS2484WRU1-custom-panel-24-external-mug-1600-lp.jpg
RS2484WRUK1,https://www.fisherpaykel.com/on/demandware.static/-/Sites-fpa-master-catalog/default/dw5d6593a2/product-mugs/refrigeration/integrated/bottom-mount/mug/listing/RS2484WRUK1-custom-panel-24-external-mug-1600-lp.jpg
RS3084SL1,https://www.fisherpaykel.com/on/demandware.static/-/Sites-fpa-master-catalog/default/dwbcab2a1e/product-mugs/refrigeration/integrated/columns/mug/retail/RS3084SL1-custom-panel-30-internal-mug-rs-84.png
RS3084SL1,https://www.fisherpaykel.com/on/demandware.static/-/Sites-fpa-master-catalog/default/dw8b310642/product-mugs/refrigeration/integrated/columns/mug/retail/RS3084SL1-RD3084L4D-internal-mug-rs-84.png
RS3084SL1,https://www.fisherpaykel.com/on/demandware.static/-/Sites-fpa-master-catalog/default/dw5bf991e9/product-mugs/refrigeration/integrated/columns/mug/retail/RS3084SL1-RD3084L4D-internal-empty-mug-rs-84.png
RS3084SL1,https://www.fisherpaykel.com/on/demandware.static/-/Sites-fpa-master-catalog/default/dw637a2ed2/product-mugs/refrigeration/integrated/columns/mug/retail/RS3084SL1-custom-panel-30-external-mug-rs-84.png
RS3084SL1,https://www.fisherpaykel.com/on/demandware.static/-/Sites-fpa-master-catalog/default/dw1a2785af/product-mugs/refrigeration/integrated/columns/mug/retail/RS3084SL1-RD3084L4D-external-mug-rs-84.png
RS3084SL1,https://www.fisherpaykel.com/on/demandware.static/-/Sites-fpa-master-catalog/default/dwd6928b22/inspire/hahei_house_sw_119-rs-84.png
RS3084SL1,https://www.fisherpaykel.com/on/demandware.static/-/Sites-fpa-master-catalog/default/dwbf290ce7/inspire/hahei-house-sw-026-rs-84.png
RS3084SL1,https://www.fisherpaykel.com/on/demandware.static/-/Sites-fpa-master-catalog/default/dw0e4ce5bc/inspire/cheshire-architects-jeremy-hansens-home-sw-02-24-rs-84.jpg
RS3084SL1,https://www.fisherpaykel.com/on/demandware.static/-/Sites-fpa-master-catalog/default/dw808378fe/inspire/cheshire-architects-jeremy-hansens-home-sw-68-rs-84.jpg
RS3084SL1,https://www.fisherpaykel.com/on/demandware.static/-/Sites-fpa-master-catalog/default/dw17314996/inspire/caitlin-wilson-portland-dk-368-rs-84.jpg
RS3084SL1,https://www.fisherpaykel.com/on/demandware.static/-/Sites-fpa-master-catalog/default/dwdb387c26/inspire/fp-us-styles-class-render-31-2400.jpg
RS3084SL1,https://www.fisherpaykel.com/on/demandware.static/-/Sites-fpa-master-catalog/default/dw51a1f4f5/technical-content/product/refrigeration/integrated/columns/rs3084sl1-mug-ld.svg
RS3084SL1,https://www.fisherpaykel.com/on/demandware.static/-/Sites-fpa-master-catalog/default/dw67a0b0a6/product-mugs/refrigeration/integrated/columns/mug/listing/RS3084SL1-custom-panel-30-external-mug-1600-lp.jpg
RS3084SLK1,https://www.fisherpaykel.com/on/demandware.static/-/Sites-fpa-master-catalog/default/dw30c1e8b7/product-mugs/refrigeration/integrated/columns/mug/retail/RS3084SLK1-custom-panel-30-internal-mug-rs-84.png
RS3084SLK1,https://www.fisherpaykel.com/on/demandware.static/-/Sites-fpa-master-catalog/default/dwda8d7d0e/product-mugs/refrigeration/integrated/columns/mug/retail/RS3084SLK1-RD3084L4D-internal-mug-rs-84.png
RS3084SLK1,https://www.fisherpaykel.com/on/demandware.static/-/Sites-fpa-master-catalog/default/dwbc35d873/product-mugs/refrigeration/integrated/columns/mug/retail/RS3084SLK1-RD3084L4D-internal-empty-mug-rs-84.png
RS3084SLK1,https://www.fisherpaykel.com/on/demandware.static/-/Sites-fpa-master-catalog/default/dw2077c372/product-mugs/refrigeration/integrated/columns/mug/retail/RS3084SLK1-custom-panel-30-external-mug-rs-84.png
RS3084SLK1,https://www.fisherpaykel.com/on/demandware.static/-/Sites-fpa-master-catalog/default/dwe1d80499/product-mugs/refrigeration/integrated/columns/mug/retail/RS3084SLK1-RD3084L4D-external-mug-rs-84.png
RS3084SLK1,https://www.fisherpaykel.com/on/demandware.static/-/Sites-fpa-master-catalog/default/dwd6928b22/inspire/hahei_house_sw_119-rs-84.png
RS3084SLK1,https://www.fisherpaykel.com/on/demandware.static/-/Sites-fpa-master-catalog/default/dwbf290ce7/inspire/hahei-house-sw-026-rs-84.png
RS3084SLK1,https://www.fisherpaykel.com/on/demandware.static/-/Sites-fpa-master-catalog/default/dw0e4ce5bc/inspire/cheshire-architects-jeremy-hansens-home-sw-02-24-rs-84.jpg
RS3084SLK1,https://www.fisherpaykel.com/on/demandware.static/-/Sites-fpa-master-catalog/default/dw808378fe/inspire/cheshire-architects-jeremy-hansens-home-sw-68-rs-84.jpg
RS3084SLK1,https://www.fisherpaykel.com/on/demandware.static/-/Sites-fpa-master-catalog/default/dw17314996/inspire/caitlin-wilson-portland-dk-368-rs-84.jpg
RS3084SLK1,https://www.fisherpaykel.com/on/demandware.static/-/Sites-fpa-master-catalog/default/dwdb387c26/inspire/fp-us-styles-class-render-31-2400.jpg
RS3084SLK1,https://www.fisherpaykel.com/on/demandware.static/-/Sites-fpa-master-catalog/default/dw4a31831b/technical-content/product/refrigeration/integrated/columns/rs3084slk1-mug-ld.svg
RS3084SLK1,https://www.fisherpaykel.com/on/demandware.static/-/Sites-fpa-master-catalog/default/dw25dd7c2f/product-mugs/refrigeration/integrated/columns/mug/listing/RS3084SLK1-custom-panel-30-external-mug-1600-lp.jpg
RS3084SR1,https://www.fisherpaykel.com/on/demandware.static/-/Sites-fpa-master-catalog/default/dw0ca7bfc4/product-mugs/refrigeration/integrated/columns/mug/retail/RS3084SR1-custom-panel-30-internal-mug-rs-84.png
RS3084SR1,https://www.fisherpaykel.com/on/demandware.static/-/Sites-fpa-master-catalog/default/dw77e33503/product-mugs/refrigeration/integrated/columns/mug/retail/RS3084SR1-RD3084R4D-internal-mug-rs-84.png
RS3084SR1,https://www.fisherpaykel.com/on/demandware.static/-/Sites-fpa-master-catalog/default/dw966c3ed5/product-mugs/refrigeration/integrated/columns/mug/retail/RS3084SR1-RD3084R4D-internal-empty-mug-rs-84.png
RS3084SR1,https://www.fisherpaykel.com/on/demandware.static/-/Sites-fpa-master-catalog/default/dw3311f5f2/product-mugs/refrigeration/integrated/columns/mug/retail/RS3084SR1-custom-panel-30-external-mug-rs-84.png
RS3084SR1,https://www.fisherpaykel.com/on/demandware.static/-/Sites-fpa-master-catalog/default/dw8b93e2d8/product-mugs/refrigeration/integrated/columns/mug/retail/RS3084SR1-RD3084R4D-external-mug-rs-84.png
RS3084SR1,https://www.fisherpaykel.com/on/demandware.static/-/Sites-fpa-master-catalog/default/dwd6928b22/inspire/hahei_house_sw_119-rs-84.png
RS3084SR1,https://www.fisherpaykel.com/on/demandware.static/-/Sites-fpa-master-catalog/default/dwbf290ce7/inspire/hahei-house-sw-026-rs-84.png
RS3084SR1,https://www.fisherpaykel.com/on/demandware.static/-/Sites-fpa-master-catalog/default/dw0e4ce5bc/inspire/cheshire-architects-jeremy-hansens-home-sw-02-24-rs-84.jpg
RS3084SR1,https://www.fisherpaykel.com/on/demandware.static/-/Sites-fpa-master-catalog/default/dw808378fe/inspire/cheshire-architects-jeremy-hansens-home-sw-68-rs-84.jpg
RS3084SR1,https://www.fisherpaykel.com/on/demandware.static/-/Sites-fpa-master-catalog/default/dw17314996/inspire/caitlin-wilson-portland-dk-368-rs-84.jpg
RS3084SR1,https://www.fisherpaykel.com/on/demandware.static/-/Sites-fpa-master-catalog/default/dwdb387c26/inspire/fp-us-styles-class-render-31-2400.jpg
RS3084SR1,https://www.fisherpaykel.com/on/demandware.static/-/Sites-fpa-master-catalog/default/dw89422d81/technical-content/product/refrigeration/integrated/columns/rs3084sr1-mug-ld.svg
RS3084SR1,https://www.fisherpaykel.com/on/demandware.static/-/Sites-fpa-master-catalog/default/dw1d4a90dc/product-mugs/refrigeration/integrated/columns/mug/listing/RS3084SR1-custom-panel-30-external-mug-1600-lp.jpg
RS3084SRK1,https://www.fisherpaykel.com/on/demandware.static/-/Sites-fpa-master-catalog/default/dw5f9b8556/product-mugs/refrigeration/integrated/columns/mug/retail/RS3084SRK1-custom-panel-30-internal-mug-rs-84.png
RS3084SRK1,https://www.fisherpaykel.com/on/demandware.static/-/Sites-fpa-master-catalog/default/dw3a1660a1/product-mugs/refrigeration/integrated/columns/mug/retail/RS3084SRK1-RD3084R4D-internal-mug-rs-84.png
RS3084SRK1,https://www.fisherpaykel.com/on/demandware.static/-/Sites-fpa-master-catalog/default/dw5e7b28a7/product-mugs/refrigeration/integrated/columns/mug/retail/RS3084SRK1-RD3084R4D-internal-empty-mug-rs-84.png
RS3084SRK1,https://www.fisherpaykel.com/on/demandware.static/-/Sites-fpa-master-catalog/default/dw9caa1ca4/product-mugs/refrigeration/integrated/columns/mug/retail/RS3084SRK1-custom-panel-30-external-mug-rs-84.png
RS3084SRK1,https://www.fisherpaykel.com/on/demandware.static/-/Sites-fpa-master-catalog/default/dw4e88b179/product-mugs/refrigeration/integrated/columns/mug/retail/RS3084SRK1-RD3084R4D-external-mug-rs-84.png
RS3084SRK1,https://www.fisherpaykel.com/on/demandware.static/-/Sites-fpa-master-catalog/default/dwd6928b22/inspire/hahei_house_sw_119-rs-84.png
RS3084SRK1,https://www.fisherpaykel.com/on/demandware.static/-/Sites-fpa-master-catalog/default/dwbf290ce7/inspire/hahei-house-sw-026-rs-84.png
RS3084SRK1,https://www.fisherpaykel.com/on/demandware.static/-/Sites-fpa-master-catalog/default/dw0e4ce5bc/inspire/cheshire-architects-jeremy-hansens-home-sw-02-24-rs-84.jpg
RS3084SRK1,https://www.fisherpaykel.com/on/demandware.static/-/Sites-fpa-master-catalog/default/dw808378fe/inspire/cheshire-architects-jeremy-hansens-home-sw-68-rs-84.jpg
RS3084SRK1,https://www.fisherpaykel.com/on/demandware.static/-/Sites-fpa-master-catalog/default/dw17314996/inspire/caitlin-wilson-portland-dk-368-rs-84.jpg
RS3084SRK1,https://www.fisherpaykel.com/on/demandware.static/-/Sites-fpa-master-catalog/default/dwdb387c26/inspire/fp-us-styles-class-render-31-2400.jpg
RS3084SRK1,https://www.fisherpaykel.com/on/demandware.static/-/Sites-fpa-master-catalog/default/dwd420bbe4/technical-content/product/refrigeration/integrated/columns/rs3084srk1-mug-ld.svg
RS3084SRK1,https://www.fisherpaykel.com/on/demandware.static/-/Sites-fpa-master-catalog/default/dwecfd30b2/product-mugs/refrigeration/integrated/columns/mug/listing/RS3084SRK1-custom-panel-30-external-mug-1600-lp.jpg
RS3084WLU1,https://www.fisherpaykel.com/on/demandware.static/-/Sites-fpa-master-catalog/default/dwbe5d150e/product-mugs/refrigeration/integrated/bottom-mount/mug/listing/RS3084WLU1-custom-panel-30-external-mug-1600-lp.jpg
RS3084WLUK1,https://www.fisherpaykel.com/on/demandware.static/-/Sites-fpa-master-catalog/default/dw672cedc9/product-mugs/refrigeration/integrated/bottom-mount/mug/listing/RS3084WLUK1-custom-panel-30-external-mug-1600-lp.jpg
RS3084WRU1,https://www.fisherpaykel.com/on/demandware.static/-/Sites-fpa-master-catalog/default/dwef276c6c/product-mugs/refrigeration/integrated/bottom-mount/mug/listing/RS3084WRU1-custom-panel-30-external-mug-1600-lp.jpg
RS3084WRUK1,https://www.fisherpaykel.com/on/demandware.static/-/Sites-fpa-master-catalog/default/dw44c6a4c2/product-mugs/refrigeration/integrated/bottom-mount/mug/listing/RS3084WRUK1-custom-panel-30-external-mug-1600-lp.jpg
RS32A72J1,https://www.fisherpaykel.com/on/demandware.static/-/Sites-fpa-master-catalog/default/dw35c3d00e/product-mugs/refrigeration/integrated/french-door/mug/retail/RS32A72J1-RD3272-internal-empty-mug-rs-84.png
RS32A72J1,https://www.fisherpaykel.com/on/demandware.static/-/Sites-fpa-master-catalog/default/dwaf97a1b4/product-mugs/refrigeration/integrated/french-door/mug/retail/RS32A72J1-RD3272-external-mug-rs-84.png
RS32A72J1,https://www.fisherpaykel.com/on/demandware.static/-/Sites-fpa-master-catalog/default/dwab4c5985/inspire/austin-house-austin-texas-cd-29732-w.jpg
RS32A72J1,https://www.fisherpaykel.com/on/demandware.static/-/Sites-fpa-master-catalog/default/dw97fde822/inspire/laurel-canyon-kitchen-andrew-lister-dk-033-059-rs-84.jpg
RS32A72J1,https://www.fisherpaykel.com/on/demandware.static/-/Sites-fpa-master-catalog/default/dw7ffd90c1/inspire/laurel-canyon-kitchen-andrew-lister-dk-100-rs-84.png
RS32A72J1,https://www.fisherpaykel.com/on/demandware.static/-/Sites-fpa-master-catalog/default/dw0995890e/inspire/laurel-canyon-kitchen-andrew-lister-dk-216-rs-84.png
RS32A72J1,https://www.fisherpaykel.com/on/demandware.static/-/Sites-fpa-master-catalog/default/dwa923f514/technical-content/product/refrigeration/integrated/french-door/rs32a72j1-mug-id.svg
RS32A72J1,https://www.fisherpaykel.com/on/demandware.static/-/Sites-fpa-master-catalog/default/dwa8c18305/product-mugs/refrigeration/integrated/french-door/mug/listing/RS32A72J1-panel-ready-72-external-mug-1600-lp.jpg
RS32A72U1,https://www.fisherpaykel.com/on/demandware.static/-/Sites-fpa-master-catalog/default/dw95798b4d/product-mugs/refrigeration/integrated/french-door/mug/retail/RS32A72U1-RD3272U-internal-empty-mug-rs-84.png
RS32A72U1,https://www.fisherpaykel.com/on/demandware.static/-/Sites-fpa-master-catalog/default/dw765b8dad/product-mugs/refrigeration/integrated/french-door/mug/retail/RS32A72U1-RD3272U-external-mug-rs-84.png
RS32A72U1,https://www.fisherpaykel.com/on/demandware.static/-/Sites-fpa-master-catalog/default/dwab4c5985/inspire/austin-house-austin-texas-cd-29732-w.jpg
RS32A72U1,https://www.fisherpaykel.com/on/demandware.static/-/Sites-fpa-master-catalog/default/dw97fde822/inspire/laurel-canyon-kitchen-andrew-lister-dk-033-059-rs-84.jpg
RS32A72U1,https://www.fisherpaykel.com/on/demandware.static/-/Sites-fpa-master-catalog/default/dw7ffd90c1/inspire/laurel-canyon-kitchen-andrew-lister-dk-100-rs-84.png
RS32A72U1,https://www.fisherpaykel.com/on/demandware.static/-/Sites-fpa-master-catalog/default/dw0995890e/inspire/laurel-canyon-kitchen-andrew-lister-dk-216-rs-84.png
RS32A72U1,https://www.fisherpaykel.com/on/demandware.static/-/Sites-fpa-master-catalog/default/dwae129453/technical-content/product/refrigeration/integrated/french-door/rs32a72u1-mug-id.svg
RS32A72U1,https://www.fisherpaykel.com/on/demandware.static/-/Sites-fpa-master-catalog/default/dw13917231/product-mugs/refrigeration/integrated/french-door/mug/listing/RS32A72U1-RD3272U-external-mug-1600-lp.jpg
RS36A72J1 N,https://www.fisherpaykel.com/on/demandware.static/-/Sites-fpa-master-catalog/default/dw95d44c2b/product-mugs/refrigeration/integrated/french-door/mug/retail/RS36A72J1-Panel-Ready-72_Internal-Mug_84_RGB.png
RS36A72J1 N,https://www.fisherpaykel.com/on/demandware.static/-/Sites-fpa-master-catalog/default/dwa838d6e3/product-mugs/refrigeration/integrated/french-door/mug/retail/RS36A72J1-RD3672_Internal-Mug_84_RGB.png
RS36A72J1 N,https://www.fisherpaykel.com/on/demandware.static/-/Sites-fpa-master-catalog/default/dw679b90a8/product-mugs/refrigeration/integrated/french-door/mug/retail/RS36A72J1-Panel-Ready-72_External-Mug_84_RGB.png
RS36A72J1 N,https://www.fisherpaykel.com/on/demandware.static/-/Sites-fpa-master-catalog/default/dw5eaee56d/product-mugs/refrigeration/integrated/french-door/mug/retail/RS36A72J1-RD3672_External-Mug_84_RGB.png
RS36A72J1 N,https://www.fisherpaykel.com/on/demandware.static/-/Sites-fpa-master-catalog/en_CA/v1599705094608/rs36a72j1-panel-ready-72_insitu_wht-cab-1600-gal.jpg
RS36A72J1 N,https://www.fisherpaykel.com/on/demandware.static/-/Sites-fpa-master-catalog/default/dwf41ea54c/technical-content/product/refrigeration/integrated/french-door/rs36a72j1-mug-ld.svg
RS36A72J1 N,https://www.fisherpaykel.com/on/demandware.static/-/Sites-fpa-master-catalog/default/dwdc984c01/product-mugs/refrigeration/integrated/french-door/mug/listing/RS36A72J1-panel-ready-72-external-mug-1600-lp.jpg
RS36A72U1 N,https://www.fisherpaykel.com/on/demandware.static/-/Sites-fpa-master-catalog/default/dwbf032450/product-mugs/refrigeration/integrated/french-door/mug/retail/RS36A72U1-RD3672U_Internal-Mug_84_RGB.png
RS36A72U1 N,https://www.fisherpaykel.com/on/demandware.static/-/Sites-fpa-master-catalog/default/dw9b17d3ed/product-mugs/refrigeration/integrated/french-door/mug/retail/RS36A72U1-RD3672U_External-Mug_84_RGB.png
RS36A72U1 N,https://www.fisherpaykel.com/on/demandware.static/-/Sites-fpa-master-catalog/en_CA/v1599705094608/rs36a72u1-rd3672u_insitu-1600-gal.jpg
RS36A72U1 N,https://www.fisherpaykel.com/on/demandware.static/-/Sites-fpa-master-catalog/default/dwaca2db4e/technical-content/product/refrigeration/integrated/french-door/rs36a72u1-mug-ld.svg
RS36A72U1 N,https://www.fisherpaykel.com/on/demandware.static/-/Sites-fpa-master-catalog/default/dw03a009fb/product-mugs/refrigeration/integrated/french-door/mug/listing/RS36A72U1-RD3672U-external-mug-1600-lp.jpg
RS36A80J1 N,https://www.fisherpaykel.com/on/demandware.static/-/Sites-fpa-master-catalog/default/dwfbfd26a5/product-mugs/refrigeration/integrated/french-door/mug/retail/RS36A80J1-Panel-Ready-80_Internal-Mug_84_RGB.png
RS36A80J1 N,https://www.fisherpaykel.com/on/demandware.static/-/Sites-fpa-master-catalog/default/dw591cf5b5/product-mugs/refrigeration/integrated/french-door/mug/retail/RS36A80J1-RD3680_Internal-Mug_84_RGB.png
RS36A80J1 N,https://www.fisherpaykel.com/on/demandware.static/-/Sites-fpa-master-catalog/default/dw8657a0da/product-mugs/refrigeration/integrated/french-door/mug/retail/RS36A80J1-Panel-Ready-80_External-Mug_84_RGB.png
RS36A80J1 N,https://www.fisherpaykel.com/on/demandware.static/-/Sites-fpa-master-catalog/default/dwf0b32d62/product-mugs/refrigeration/integrated/french-door/mug/retail/RS36A80J1-RD3680_External-Mug_84_RGB.png
RS36A80J1 N,https://www.fisherpaykel.com/on/demandware.static/-/Sites-fpa-master-catalog/en_CA/v1599705094608/rs36a80j1-panel-ready-80_insitu_wht-cab-1600-gal.jpg
RS36A80J1 N,https://www.fisherpaykel.com/on/demandware.static/-/Sites-fpa-master-catalog/default/dw8e04efee/technical-content/product/refrigeration/integrated/french-door/rs36a80j1-mug-ld.svg
RS36A80J1 N,https://www.fisherpaykel.com/on/demandware.static/-/Sites-fpa-master-catalog/default/dwfc264a1c/product-mugs/refrigeration/integrated/french-door/mug/listing/RS36A80J1-panel-ready-80-external-mug-1600-lp.jpg
RS36A80U1 N,https://www.fisherpaykel.com/on/demandware.static/-/Sites-fpa-master-catalog/default/dw9f549a19/product-mugs/refrigeration/integrated/french-door/mug/retail/RS36A80U1-RD3684U_Internal-Mug_84_RGB.png
RS36A80U1 N,https://www.fisherpaykel.com/on/demandware.static/-/Sites-fpa-master-catalog/default/dwacede9b1/product-mugs/refrigeration/integrated/french-door/mug/retail/RS36A80U1-RD3684U_External-Mug_84_RGB.png
RS36A80U1 N,https://www.fisherpaykel.com/on/demandware.static/-/Sites-fpa-master-catalog/en_CA/v1599705094608/rs36a80u1-rd3680u_insitu-1600-gal.jpg
RS36A80U1 N,https://www.fisherpaykel.com/on/demandware.static/-/Sites-fpa-master-catalog/default/dw5ac19740/technical-content/product/refrigeration/integrated/french-door/rs36a80u1-mug-ld.svg
RS36A80U1 N,https://www.fisherpaykel.com/on/demandware.static/-/Sites-fpa-master-catalog/default/dwf0a2c92c/product-mugs/refrigeration/integrated/french-door/mug/listing/RS36A80U1-RD3684U-external-mug-1600-lp.jpg
RS36W80LJ1 N,https://www.fisherpaykel.com/on/demandware.static/-/Sites-fpa-master-catalog/default/dwa2d5cb22/product-mugs/refrigeration/integrated/bottom-mount/mug/retail/RS36W80LJ1-Panel-Ready-84_Internal-Mug_84_RGB.png
RS36W80LJ1 N,https://www.fisherpaykel.com/on/demandware.static/-/Sites-fpa-master-catalog/default/dwd7effdbd/product-mugs/refrigeration/integrated/bottom-mount/mug/retail/RS36W80LJ1-RD3684L_Internal-Mug_84_RGB.png
RS36W80LJ1 N,https://www.fisherpaykel.com/on/demandware.static/-/Sites-fpa-master-catalog/default/dwb50d47d8/product-mugs/refrigeration/integrated/bottom-mount/mug/retail/RS36W80LJ1-Panel-Ready-84_External-Mug_84_RGB.png
RS36W80LJ1 N,https://www.fisherpaykel.com/on/demandware.static/-/Sites-fpa-master-catalog/default/dw6522aeee/product-mugs/refrigeration/integrated/bottom-mount/mug/retail/RS36W80LJ1-RD3684L_External-Mug_84_RGB.png
RS36W80LJ1 N,https://www.fisherpaykel.com/on/demandware.static/-/Sites-fpa-master-catalog/default/dwd6928b22/inspire/hahei_house_sw_119-rs-84.png
RS36W80LJ1 N,https://www.fisherpaykel.com/on/demandware.static/-/Sites-fpa-master-catalog/default/dwbf290ce7/inspire/hahei-house-sw-026-rs-84.png
RS36W80LJ1 N,https://www.fisherpaykel.com/on/demandware.static/-/Sites-fpa-master-catalog/default/dw0e4ce5bc/inspire/cheshire-architects-jeremy-hansens-home-sw-02-24-rs-84.jpg
RS36W80LJ1 N,https://www.fisherpaykel.com/on/demandware.static/-/Sites-fpa-master-catalog/default/dw808378fe/inspire/cheshire-architects-jeremy-hansens-home-sw-68-rs-84.jpg
RS36W80LJ1 N,https://www.fisherpaykel.com/on/demandware.static/-/Sites-fpa-master-catalog/default/dw17314996/inspire/caitlin-wilson-portland-dk-368-rs-84.jpg
RS36W80LJ1 N,https://www.fisherpaykel.com/on/demandware.static/-/Sites-fpa-master-catalog/default/dwdb387c26/inspire/fp-us-styles-class-render-31-2400.jpg
RS36W80LJ1 N,https://www.fisherpaykel.com/on/demandware.static/-/Sites-fpa-master-catalog/default/dw22d14017/technical-content/product/refrigeration/integrated/bottom-mount/rs36w80lj1-n-mug-id.svg
RS36W80LJ1 N,https://www.fisherpaykel.com/on/demandware.static/-/Sites-fpa-master-catalog/default/dwe49356b6/product-mugs/refrigeration/integrated/bottom-mount/mug/listing/RS36W80LJ1-panel-ready-80-external-mug-1600-lp.jpg
RS36W80RJ1 N,https://www.fisherpaykel.com/on/demandware.static/-/Sites-fpa-master-catalog/default/dw75b57e4f/product-mugs/refrigeration/integrated/bottom-mount/mug/retail/RS36W80RJ1-Panel-Ready-84_Internal-Mug_84_RGB.png
RS36W80RJ1 N,https://www.fisherpaykel.com/on/demandware.static/-/Sites-fpa-master-catalog/default/dw23737c1a/product-mugs/refrigeration/integrated/bottom-mount/mug/retail/RS36W80RJ1-RD3684R_Internal-Mug_84_RGB.png
RS36W80RJ1 N,https://www.fisherpaykel.com/on/demandware.static/-/Sites-fpa-master-catalog/default/dwe8b1b2d7/product-mugs/refrigeration/integrated/bottom-mount/mug/retail/RS36W80RJ1-Panel-Ready-84_External-Mug_84_RGB.png
RS36W80RJ1 N,https://www.fisherpaykel.com/on/demandware.static/-/Sites-fpa-master-catalog/default/dwb32d5dbc/product-mugs/refrigeration/integrated/bottom-mount/mug/retail/RS36W80RJ1-RD3684R_External-Mug_84_RGB.png
RS36W80RJ1 N,https://www.fisherpaykel.com/on/demandware.static/-/Sites-fpa-master-catalog/default/dwd6928b22/inspire/hahei_house_sw_119-rs-84.png
RS36W80RJ1 N,https://www.fisherpaykel.com/on/demandware.static/-/Sites-fpa-master-catalog/default/dwbf290ce7/inspire/hahei-house-sw-026-rs-84.png
RS36W80RJ1 N,https://www.fisherpaykel.com/on/demandware.static/-/Sites-fpa-master-catalog/default/dw0e4ce5bc/inspire/cheshire-architects-jeremy-hansens-home-sw-02-24-rs-84.jpg
RS36W80RJ1 N,https://www.fisherpaykel.com/on/demandware.static/-/Sites-fpa-master-catalog/default/dw808378fe/inspire/cheshire-architects-jeremy-hansens-home-sw-68-rs-84.jpg
RS36W80RJ1 N,https://www.fisherpaykel.com/on/demandware.static/-/Sites-fpa-master-catalog/default/dw17314996/inspire/caitlin-wilson-portland-dk-368-rs-84.jpg
RS36W80RJ1 N,https://www.fisherpaykel.com/on/demandware.static/-/Sites-fpa-master-catalog/default/dwdb387c26/inspire/fp-us-styles-class-render-31-2400.jpg
RS36W80RJ1 N,https://www.fisherpaykel.com/on/demandware.static/-/Sites-fpa-master-catalog/default/dw900ed760/technical-content/product/refrigeration/integrated/bottom-mount/rs36w80rj1-mug-ld.svg
RS36W80RJ1 N,https://www.fisherpaykel.com/on/demandware.static/-/Sites-fpa-master-catalog/default/dw26f08744/product-mugs/refrigeration/integrated/bottom-mount/mug/listing/RS36W80RJ1-panel-ready-80-external-mug-1600-lp.jpg
RS36W80RU1_N,https://www.fisherpaykel.com/on/demandware.static/-/Sites-fpa-master-catalog/default/dw58564df6/product-mugs/refrigeration/integrated/bottom-mount/mug/retail/RS36W80RU1-RD3684RU_Internal-Mug_84_RGB.png
RS36W80RU1_N,https://www.fisherpaykel.com/on/demandware.static/-/Sites-fpa-master-catalog/default/dwe3d794e2/product-mugs/refrigeration/integrated/bottom-mount/mug/retail/RS36W80RU1-RD3684RU_External-Mug_84_RGB.png
RS36W80RU1_N,https://www.fisherpaykel.com/on/demandware.static/-/Sites-fpa-master-catalog/default/dwd6928b22/inspire/hahei_house_sw_119-rs-84.png
RS36W80RU1_N,https://www.fisherpaykel.com/on/demandware.static/-/Sites-fpa-master-catalog/default/dwbf290ce7/inspire/hahei-house-sw-026-rs-84.png
RS36W80RU1_N,https://www.fisherpaykel.com/on/demandware.static/-/Sites-fpa-master-catalog/default/dw0e4ce5bc/inspire/cheshire-architects-jeremy-hansens-home-sw-02-24-rs-84.jpg
RS36W80RU1_N,https://www.fisherpaykel.com/on/demandware.static/-/Sites-fpa-master-catalog/default/dw808378fe/inspire/cheshire-architects-jeremy-hansens-home-sw-68-rs-84.jpg
RS36W80RU1_N,https://www.fisherpaykel.com/on/demandware.static/-/Sites-fpa-master-catalog/default/dw17314996/inspire/caitlin-wilson-portland-dk-368-rs-84.jpg
RS36W80RU1_N,https://www.fisherpaykel.com/on/demandware.static/-/Sites-fpa-master-catalog/default/dwdb387c26/inspire/fp-us-styles-class-render-31-2400.jpg
RS36W80RU1_N,https://www.fisherpaykel.com/on/demandware.static/-/Sites-fpa-master-catalog/default/dw6454f99e/technical-content/product/refrigeration/integrated/bottom-mount/rs36w80ru1-mug-ld.svg
RS36W80RU1_N,https://www.fisherpaykel.com/on/demandware.static/-/Sites-fpa-master-catalog/default/dw7c57b455/product-mugs/refrigeration/integrated/bottom-mount/mug/listing/RS36W80RU1-RD3684RU-external-mug-1600-lp.jpg
